/*==============================================================*/
/* DBMS name:      ORACLE Version 11g                           */
/* Created on:     17/06/2017 7:52:00 p. m.                     */
/*==============================================================*/


/*alter table ASIGNACION
   drop constraint FK_ASIGNACI_CARRO_COM_CARROS_C;

alter table ASIGNACION
   drop constraint FK_ASIGNACI_CARRO_COM_COMPRA;

alter table CELDA_GONDOLA
   drop constraint FK_CELDA_GO_CELDA_GON_GONDOLAS;

alter table CELDA_GONDOLA
   drop constraint FK_CELDA_GO_PRODUCTO__PRODUCTO;

alter table COMPRA
   drop constraint FK_COMPRA_CLIENTE_C_CLIENTE;

alter table COMPRA
   drop constraint FK_COMPRA_FACTURAS__FACTURAS;

alter table DESEOS_PRODUCTOS
   drop constraint FK_DESEOS_P_DESEOS_PR_LISTADES;

alter table DESEOS_PRODUCTOS
   drop constraint FK_DESEOS_P_DESEOS_PR_PRODUCTO;

alter table DETALLES
   drop constraint FK_DETALLES_DETALLES__COMPRA;

alter table DETALLES
   drop constraint FK_DETALLES_DETALLES__PRODUCTO;

alter table FACTURAS
   drop constraint FK_FACTURAS_CAJA_FACT_CAJA;

alter table FACTURAS
   drop constraint FK_FACTURAS_FACTURAS__COMPRA;

alter table LISTADESEOS
   drop constraint FK_LISTADES_DESEOS_CL_CLIENTE;

alter table PRODUCTOS
   drop constraint FK_PRODUCTO_MARCA_PRO_MARCAS;

drop table ASIGNACION cascade constraints;

drop table CAJA cascade constraints;

drop table CARROS_COMPRAS cascade constraints;

drop table CELDA_GONDOLA cascade constraints;

drop table CLIENTE cascade constraints;

drop table COMPRA cascade constraints;

drop table DESEOS_PRODUCTOS cascade constraints;

drop table DETALLES cascade constraints;

drop table FACTURAS cascade constraints;

drop table GONDOLAS cascade constraints;

drop table LISTADESEOS cascade constraints;

drop table MARCAS cascade constraints;

drop table PRODUCTOS cascade constraints;
*/
/*==============================================================*/
/* Table: ASIGNACION                                            */
/*==============================================================*/
create table ASIGNACION 
(
   ID_CARRO             INTEGER              not null,
   ID_COMPRA            INTEGER              not null,
   constraint PK_ASIGNACION primary key (ID_CARRO, ID_COMPRA)
);

/*==============================================================*/
/* Table: CAJA                                                  */
/*==============================================================*/
create table CAJA 
(
   ID_CAJA              INTEGER              not null,
   POSICION_X_CAJA      DECIMAL              not null,
   POSICION_Y_CAJA      DECIMAL              not null,
   constraint PK_CAJA primary key (ID_CAJA)
);

/*==============================================================*/
/* Table: CARROS_COMPRAS                                        */
/*==============================================================*/
create table CARROS_COMPRAS 
(
   ID_CARRO             INTEGER              not null,
   POSICION_X_CARRO     DECIMAL              not null,
   POSICION_Y_CARRO     DECIMAL              not null,
   constraint PK_CARROS_COMPRAS primary key (ID_CARRO)
);

/*==============================================================*/
/* Table: CELDA_GONDOLA                                         */
/*==============================================================*/
create table CELDA_GONDOLA 
(
   ID_CELDA             INTEGER              not null,
   ID_PRODUCTO          INTEGER,
   ID_GONDOLA           INTEGER              not null,
   COLUMNA_CELDA        INTEGER              not null,
   FILA_CELDA           INTEGER              not null,
   CANTIDAD_PRODUCTO_CELDA INTEGER              not null,
   constraint PK_CELDA_GONDOLA primary key (ID_CElDA)
);

/*==============================================================*/
/* Table: CLIENTE                                               */
/*==============================================================*/
create table CLIENTE
(
   ID_CLIENTE           INTEGER              not null,
   NOMBRE_CLIENTE       VARCHAR2(50)         not null,
   APELLIDO_CLIENTE     VARCHAR2(50)         not null,
   CORREO_ELECTRONICO_CLIENTE VARCHAR2(60)         not null,
   TELEFONO_CLIENTE     INTEGER,
   constraint PK_CLIENTE primary key (ID_CLIENTE)
);

/*==============================================================*/
/* Table: COMPRA                                                */
/*==============================================================*/
create table COMPRA 
(
   ID_COMPRA            INTEGER              not null,
   ID_FACTURA           INTEGER,
   ID_CLIENTE           INTEGER              not null,
   constraint PK_COMPRA primary key (ID_COMPRA)
);

/*==============================================================*/
/* Table: DESEOS_PRODUCTOS                                      */
/*==============================================================*/
create table DESEOS_PRODUCTOS 
(
   ID_LISTADESEO        INTEGER              not null,
   ID_PRODUCTO          INTEGER              not null,
   constraint PK_DESEOS_PRODUCTOS primary key (ID_LISTADESEO, ID_PRODUCTO)
);

/*==============================================================*/
/* Table: DETALLES                                              */
/*==============================================================*/
create table DETALLES 
(
   ID_DETALLE           INTEGER              not null,
   ID_PRODUCTO          INTEGER              not null,
   ID_COMPRA            INTEGER              not null,
   CANTIDAD_PRODUCTO    INTEGER              not null,
   constraint PK_DETALLES primary key (ID_DETALLE)
);

/*==============================================================*/
/* Table: FACTURAS                                              */
/*==============================================================*/
create table FACTURAS 
(
   ID_FACTURA           INTEGER              not null,
   ID_COMPRA            INTEGER              not null,
   ID_CAJA              INTEGER              not null,
   FECHA_FACTURA        TIMESTAMP            not null,
   VALOR_PAGO_FACTURA   NUMBER               not null,
   constraint PK_FACTURAS primary key (ID_FACTURA)
);

/*==============================================================*/
/* Table: GONDOLAS                                              */
/*==============================================================*/
create table GONDOLAS 
(
   ID_GONDOLA           INTEGER              not null,
   NIVELES_GONDOLA      INTEGER              not null,
   POSICION_X_GONDOLA   DECIMAL              not null,
   POSICION_Y_GONDOLA   DECIMAL              not null,
   constraint PK_GONDOLAS primary key (ID_GONDOLA)
);

/*==============================================================*/
/* Table: LISTADESEOS                                           */
/*==============================================================*/
create table LISTADESEOS 
(
   ID_LISTADESEO        INTEGER              not null,
   ID_CLIENTE           INTEGER              not null,
   FECHA_GENERADA       DATE                 not null,
   constraint PK_LISTADESEOS primary key (ID_LISTADESEO)
);

/*==============================================================*/
/* Table: MARCAS                                                */
/*==============================================================*/
create table MARCAS 
(
   ID_MARCA             INTEGER              not null,
   NOMBRE_MARCA         VARCHAR2(20)         not null,
   constraint PK_MARCAS primary key (ID_MARCA)
);

/*==============================================================*/
/* Table: PRODUCTOS                                             */
/*==============================================================*/
create table PRODUCTOS 
(
   ID_PRODUCTO          INTEGER              not null,
   ID_MARCA             INTEGER              not null,
   NOMBRE_PRODUCTO      VARCHAR2(50)         not null,
   PRECIO_PRODUCTO      INTEGER              not null,
   DESCRIPCION_PRODUCTO VARCHAR2(1024)       not null,
   FECHAVENCIMIENTO_PRODUCTO DATE,
   TIPO_PRODUCTO        VARCHAR2(2)       not null
   constraint CKC_TIPO_PRODUCTO_PRODUCTO check (TIPO_PRODUCTO in ('B'/*Bebidas*/,'C'/*Comidas*/,'A'/*Aseo*/,'T'/*Tecnología*/,'BE'/*Belleza*/,'CA'/*Calzado*/,'LI'/*Licor*/,'R'/*ROPA*/,'M'/*MEDICINA*/,'H'/*Hogar*/)),
   CANTIDAD_PRODUCTO    INTEGER              not null,
   MEDIDA_PRODUCTO      VARCHAR2(2)       not null
      constraint CKC_MEDIDA_PRODUCTO_PRODUCTO check (MEDIDA_PRODUCTO in ('G'/*Gramos*/,'ML'/*Mililitros*/,'KG'/*Kilogramos*/,'L'/*Litros*/,'M'/*Metros*/,'CM'/*Centimetros*/,'U'/*Unidades*/,'P'/*Pulgadas*/)),
   CANTIDAD_MEDIDA_PRODUCTO NUMBER               not null,
   constraint PK_PRODUCTOS primary key (ID_PRODUCTO)
);

alter table ASIGNACION
   add constraint FK_ASIGNACI_CARRO_COM_CARROS_C foreign key (ID_CARRO)
      references CARROS_COMPRAS (ID_CARRO);

alter table ASIGNACION
   add constraint FK_ASIGNACI_CARRO_COM_COMPRA foreign key (ID_COMPRA)
      references COMPRA (ID_COMPRA);

alter table CELDA_GONDOLA
   add constraint FK_CELDA_GO_CELDA_GON_GONDOLAS foreign key (ID_GONDOLA)
      references GONDOLAS (ID_GONDOLA);

alter table CELDA_GONDOLA
   add constraint FK_CELDA_GO_PRODUCTO__PRODUCTO foreign key (ID_PRODUCTO)
      references PRODUCTOS (ID_PRODUCTO);

alter table COMPRA
   add constraint FK_COMPRA_CLIENTE_C_CLIENTE foreign key (ID_CLIENTE)
      references CLIENTE (ID_CLIENTE);

alter table COMPRA
   add constraint FK_COMPRA_FACTURAS__FACTURAS foreign key (ID_FACTURA)
      references FACTURAS (ID_FACTURA);

alter table DESEOS_PRODUCTOS
   add constraint FK_DESEOS_P_DESEOS_PR_LISTADES foreign key (ID_LISTADESEO)
      references LISTADESEOS (ID_LISTADESEO);

alter table DESEOS_PRODUCTOS
   add constraint FK_DESEOS_P_DESEOS_PR_PRODUCTO foreign key (ID_PRODUCTO)
      references PRODUCTOS (ID_PRODUCTO);

alter table DETALLES
   add constraint FK_DETALLES_DETALLES__COMPRA foreign key (ID_COMPRA)
      references COMPRA (ID_COMPRA);

alter table DETALLES
   add constraint FK_DETALLES_DETALLES__PRODUCTO foreign key (ID_PRODUCTO)
      references PRODUCTOS (ID_PRODUCTO);

alter table FACTURAS
   add constraint FK_FACTURAS_CAJA_FACT_CAJA foreign key (ID_CAJA)
      references CAJA (ID_CAJA);

alter table FACTURAS
   add constraint FK_FACTURAS_FACTURAS__COMPRA foreign key (ID_COMPRA)
      references COMPRA (ID_COMPRA);

alter table LISTADESEOS
   add constraint FK_LISTADES_DESEOS_CL_CLIENTE foreign key (ID_CLIENTE)
      references CLIENTE (ID_CLIENTE);

alter table PRODUCTOS
   add constraint FK_PRODUCTO_MARCA_PRO_MARCAS foreign key (ID_MARCA)
      references MARCAS (ID_MARCA);


--========INCERSIONES==========
REM INSERTING into MARKET.CAJA
SET DEFINE OFF;
Insert into MARKET.CAJA (ID_CAJA,POSICION_X_CAJA,POSICION_Y_CAJA) values ('901','1270','2320');
Insert into MARKET.CAJA (ID_CAJA,POSICION_X_CAJA,POSICION_Y_CAJA) values ('902','4610','4480');
Insert into MARKET.CAJA (ID_CAJA,POSICION_X_CAJA,POSICION_Y_CAJA) values ('903','4730','5030');
Insert into MARKET.CAJA (ID_CAJA,POSICION_X_CAJA,POSICION_Y_CAJA) values ('904','10390','3330');
Insert into MARKET.CAJA (ID_CAJA,POSICION_X_CAJA,POSICION_Y_CAJA) values ('905','11470','3240');
Insert into MARKET.CAJA (ID_CAJA,POSICION_X_CAJA,POSICION_Y_CAJA) values ('906','10620','4130');
Insert into MARKET.CAJA (ID_CAJA,POSICION_X_CAJA,POSICION_Y_CAJA) values ('907','2760','7260');
Insert into MARKET.CAJA (ID_CAJA,POSICION_X_CAJA,POSICION_Y_CAJA) values ('908','12500','5350');
Insert into MARKET.CAJA (ID_CAJA,POSICION_X_CAJA,POSICION_Y_CAJA) values ('909','12750','3490');
Insert into MARKET.CAJA (ID_CAJA,POSICION_X_CAJA,POSICION_Y_CAJA) values ('910','6380','5250');
Insert into MARKET.CAJA (ID_CAJA,POSICION_X_CAJA,POSICION_Y_CAJA) values ('911','13330','2290');
Insert into MARKET.CAJA (ID_CAJA,POSICION_X_CAJA,POSICION_Y_CAJA) values ('912','8670','5960');
Insert into MARKET.CAJA (ID_CAJA,POSICION_X_CAJA,POSICION_Y_CAJA) values ('913','2510','7910');
Insert into MARKET.CAJA (ID_CAJA,POSICION_X_CAJA,POSICION_Y_CAJA) values ('914','12090','380');
Insert into MARKET.CAJA (ID_CAJA,POSICION_X_CAJA,POSICION_Y_CAJA) values ('915','13020','960');
Insert into MARKET.CAJA (ID_CAJA,POSICION_X_CAJA,POSICION_Y_CAJA) values ('916','4280','4870');
Insert into MARKET.CAJA (ID_CAJA,POSICION_X_CAJA,POSICION_Y_CAJA) values ('917','940','6870');
Insert into MARKET.CAJA (ID_CAJA,POSICION_X_CAJA,POSICION_Y_CAJA) values ('918','10450','4420');
Insert into MARKET.CAJA (ID_CAJA,POSICION_X_CAJA,POSICION_Y_CAJA) values ('919','12040','3710');
Insert into MARKET.CAJA (ID_CAJA,POSICION_X_CAJA,POSICION_Y_CAJA) values ('900','113','718');
REM INSERTING into MARKET.CARROS_COMPRAS
SET DEFINE OFF;
Insert into MARKET.CARROS_COMPRAS (ID_CARRO,POSICION_X_CARRO,POSICION_Y_CARRO) values ('801','13530','12820');
Insert into MARKET.CARROS_COMPRAS (ID_CARRO,POSICION_X_CARRO,POSICION_Y_CARRO) values ('802','13660','3860');
Insert into MARKET.CARROS_COMPRAS (ID_CARRO,POSICION_X_CARRO,POSICION_Y_CARRO) values ('803','12070','6090');
Insert into MARKET.CARROS_COMPRAS (ID_CARRO,POSICION_X_CARRO,POSICION_Y_CARRO) values ('804','5610','4750');
Insert into MARKET.CARROS_COMPRAS (ID_CARRO,POSICION_X_CARRO,POSICION_Y_CARRO) values ('805','11090','610');
Insert into MARKET.CARROS_COMPRAS (ID_CARRO,POSICION_X_CARRO,POSICION_Y_CARRO) values ('806','1080','5340');
Insert into MARKET.CARROS_COMPRAS (ID_CARRO,POSICION_X_CARRO,POSICION_Y_CARRO) values ('807','4440','2930');
Insert into MARKET.CARROS_COMPRAS (ID_CARRO,POSICION_X_CARRO,POSICION_Y_CARRO) values ('808','2270','3320');
Insert into MARKET.CARROS_COMPRAS (ID_CARRO,POSICION_X_CARRO,POSICION_Y_CARRO) values ('809','7410','3230');
Insert into MARKET.CARROS_COMPRAS (ID_CARRO,POSICION_X_CARRO,POSICION_Y_CARRO) values ('810','5040','12420');
Insert into MARKET.CARROS_COMPRAS (ID_CARRO,POSICION_X_CARRO,POSICION_Y_CARRO) values ('811','2340','10240');
Insert into MARKET.CARROS_COMPRAS (ID_CARRO,POSICION_X_CARRO,POSICION_Y_CARRO) values ('812','7340','12070');
Insert into MARKET.CARROS_COMPRAS (ID_CARRO,POSICION_X_CARRO,POSICION_Y_CARRO) values ('813','6930','11800');
Insert into MARKET.CARROS_COMPRAS (ID_CARRO,POSICION_X_CARRO,POSICION_Y_CARRO) values ('814','4980','4190');
Insert into MARKET.CARROS_COMPRAS (ID_CARRO,POSICION_X_CARRO,POSICION_Y_CARRO) values ('815','4130','5120');
Insert into MARKET.CARROS_COMPRAS (ID_CARRO,POSICION_X_CARRO,POSICION_Y_CARRO) values ('816','13860','13000');
Insert into MARKET.CARROS_COMPRAS (ID_CARRO,POSICION_X_CARRO,POSICION_Y_CARRO) values ('817','6340','3400');
Insert into MARKET.CARROS_COMPRAS (ID_CARRO,POSICION_X_CARRO,POSICION_Y_CARRO) values ('818','13940','10030');
Insert into MARKET.CARROS_COMPRAS (ID_CARRO,POSICION_X_CARRO,POSICION_Y_CARRO) values ('819','8570','6330');
Insert into MARKET.CARROS_COMPRAS (ID_CARRO,POSICION_X_CARRO,POSICION_Y_CARRO) values ('800','1048','873');
REM INSERTING into MARKET.CLIENTE
SET DEFINE OFF;
Insert into MARKET.CLIENTE (ID_CLIENTE,NOMBRE_CLIENTE,APELLIDO_CLIENTE,CORREO_ELECTRONICO_CLIENTE,TELEFONO_CLIENTE) values ('501','MARIA DE CARMEN','ORTA JUAREZ','agora@faica.org.ar','983038135');
Insert into MARKET.CLIENTE (ID_CLIENTE,NOMBRE_CLIENTE,APELLIDO_CLIENTE,CORREO_ELECTRONICO_CLIENTE,TELEFONO_CLIENTE) values ('502','GRETA','MORALES AVILA','lili_12812@hotmail.com','981377670');
Insert into MARKET.CLIENTE (ID_CLIENTE,NOMBRE_CLIENTE,APELLIDO_CLIENTE,CORREO_ELECTRONICO_CLIENTE,TELEFONO_CLIENTE) values ('503','ANGEL','OSORIO EUAN','ceprevi@terra.com.br','979717205');
Insert into MARKET.CLIENTE (ID_CLIENTE,NOMBRE_CLIENTE,APELLIDO_CLIENTE,CORREO_ELECTRONICO_CLIENTE,TELEFONO_CLIENTE) values ('504','PABLO','CLEMENTE VEGA','crac.colombia@etb.net.co','978056740');
Insert into MARKET.CLIENTE (ID_CLIENTE,NOMBRE_CLIENTE,APELLIDO_CLIENTE,CORREO_ELECTRONICO_CLIENTE,TELEFONO_CLIENTE) values ('505','JAVIER','MORALES LOPEZ','alexanderaguirre53hotmail.com','976396275');
Insert into MARKET.CLIENTE (ID_CLIENTE,NOMBRE_CLIENTE,APELLIDO_CLIENTE,CORREO_ELECTRONICO_CLIENTE,TELEFONO_CLIENTE) values ('506','GUADALUPE DE LA PAZ','ANTUNA MURILLO','helenkeller@gmail.com','974735810');
Insert into MARKET.CLIENTE (ID_CLIENTE,NOMBRE_CLIENTE,APELLIDO_CLIENTE,CORREO_ELECTRONICO_CLIENTE,TELEFONO_CLIENTE) values ('507','DOLORES','MORALES MARTINEZ','cultura@anci.cu','973075345');
Insert into MARKET.CLIENTE (ID_CLIENTE,NOMBRE_CLIENTE,APELLIDO_CLIENTE,CORREO_ELECTRONICO_CLIENTE,TELEFONO_CLIENTE) values ('508','MARCO ANTONIO','GARZA GARZA','pcorrea@utem.cl','971414880');
Insert into MARKET.CLIENTE (ID_CLIENTE,NOMBRE_CLIENTE,APELLIDO_CLIENTE,CORREO_ELECTRONICO_CLIENTE,TELEFONO_CLIENTE) values ('509','HUGO MANUEL','GARCIA SALINAS','ASOCIEGOSMANABI@HOTMAIL.COM','969754415');
Insert into MARKET.CLIENTE (ID_CLIENTE,NOMBRE_CLIENTE,APELLIDO_CLIENTE,CORREO_ELECTRONICO_CLIENTE,TELEFONO_CLIENTE) values ('510','ANDRES','CHIPULI PEREZ','patty-c.p@hotmail.com','968093950');
Insert into MARKET.CLIENTE (ID_CLIENTE,NOMBRE_CLIENTE,APELLIDO_CLIENTE,CORREO_ELECTRONICO_CLIENTE,TELEFONO_CLIENTE) values ('511','BARBARA ESTELA','ARELLANO TORRES','braso.lissette@gmail.com','966433485');
Insert into MARKET.CLIENTE (ID_CLIENTE,NOMBRE_CLIENTE,APELLIDO_CLIENTE,CORREO_ELECTRONICO_CLIENTE,TELEFONO_CLIENTE) values ('512','ROSA INES','APPEDOLE FLORES','infracnovi_hn@yahoo.com','964773020');
Insert into MARKET.CLIENTE (ID_CLIENTE,NOMBRE_CLIENTE,APELLIDO_CLIENTE,CORREO_ELECTRONICO_CLIENTE,TELEFONO_CLIENTE) values ('513','JESUS RICARDO','OROPEZA RODRIGUEZ','monica.destellosdeluz@gmail.com','963112555');
Insert into MARKET.CLIENTE (ID_CLIENTE,NOMBRE_CLIENTE,APELLIDO_CLIENTE,CORREO_ELECTRONICO_CLIENTE,TELEFONO_CLIENTE) values ('514','QUIRINO','MORALES ALONSO','mayra_sierra@ceiac.org','961452090');
Insert into MARKET.CLIENTE (ID_CLIENTE,NOMBRE_CLIENTE,APELLIDO_CLIENTE,CORREO_ELECTRONICO_CLIENTE,TELEFONO_CLIENTE) values ('515','ELOISA ZAIDA','TORRES ARROYO','psicologia@vercontigo.com.mx','959791625');
Insert into MARKET.CLIENTE (ID_CLIENTE,NOMBRE_CLIENTE,APELLIDO_CLIENTE,CORREO_ELECTRONICO_CLIENTE,TELEFONO_CLIENTE) values ('516','ROSARIO DEL CARMEN','SILVA PEREZ','noeldita@gmail.com','958131160');
Insert into MARKET.CLIENTE (ID_CLIENTE,NOMBRE_CLIENTE,APELLIDO_CLIENTE,CORREO_ELECTRONICO_CLIENTE,TELEFONO_CLIENTE) values ('517','HUGO ALEJANDRO','TORRES MENDEZ','nedelsy@yahoo.com','956470695');
Insert into MARKET.CLIENTE (ID_CLIENTE,NOMBRE_CLIENTE,APELLIDO_CLIENTE,CORREO_ELECTRONICO_CLIENTE,TELEFONO_CLIENTE) values ('518','JAVIER','JACOBO NAVARRO','psictlaso@gmail.com','954810230');
Insert into MARKET.CLIENTE (ID_CLIENTE,NOMBRE_CLIENTE,APELLIDO_CLIENTE,CORREO_ELECTRONICO_CLIENTE,TELEFONO_CLIENTE) values ('519','ALEJANDRO','TORRES GATICA','rosalva.garces@meduca.gob.pa','953149765');
Insert into MARKET.CLIENTE (ID_CLIENTE,NOMBRE_CLIENTE,APELLIDO_CLIENTE,CORREO_ELECTRONICO_CLIENTE,TELEFONO_CLIENTE) values ('520','IRMA CONCEPCION','SILVA MARQUEZ','leonidas.martinez@meduca.gob.pa','951489300');
Insert into MARKET.CLIENTE (ID_CLIENTE,NOMBRE_CLIENTE,APELLIDO_CLIENTE,CORREO_ELECTRONICO_CLIENTE,TELEFONO_CLIENTE) values ('521','MARIA DEL CARMEN','SOSA BASILAKIS','militza.aguero@meduca.gob.pa','949828835');
Insert into MARKET.CLIENTE (ID_CLIENTE,NOMBRE_CLIENTE,APELLIDO_CLIENTE,CORREO_ELECTRONICO_CLIENTE,TELEFONO_CLIENTE) values ('522','JUAN JOSE','SERNA ROMERO','depneemec@gmail.com','948168370');
Insert into MARKET.CLIENTE (ID_CLIENTE,NOMBRE_CLIENTE,APELLIDO_CLIENTE,CORREO_ELECTRONICO_CLIENTE,TELEFONO_CLIENTE) values ('523','MARIA DE LOURDES','JIMENEZ LARA','mirleycita@hotmail.com','946507905');
Insert into MARKET.CLIENTE (ID_CLIENTE,NOMBRE_CLIENTE,APELLIDO_CLIENTE,CORREO_ELECTRONICO_CLIENTE,TELEFONO_CLIENTE) values ('524','JOSE FELIPE','LLITERAS ABRAMSON','centroderecursos.olgaestrella@hotmail.com','944847440');
Insert into MARKET.CLIENTE (ID_CLIENTE,NOMBRE_CLIENTE,APELLIDO_CLIENTE,CORREO_ELECTRONICO_CLIENTE,TELEFONO_CLIENTE) values ('525','JULIO CESAR','SAUCEDO SILVA','psialelongo@hotmail.com','943186975');
Insert into MARKET.CLIENTE (ID_CLIENTE,NOMBRE_CLIENTE,APELLIDO_CLIENTE,CORREO_ELECTRONICO_CLIENTE,TELEFONO_CLIENTE) values ('526','FERNANDO','TOLEDANO DIAZ','bienestarestudiantil@hotmail.com','941526510');
Insert into MARKET.CLIENTE (ID_CLIENTE,NOMBRE_CLIENTE,APELLIDO_CLIENTE,CORREO_ELECTRONICO_CLIENTE,TELEFONO_CLIENTE) values ('527','LAURA ROCIO','VAZQUEZ GONZALEZ','eam@once.es','939866045');
Insert into MARKET.CLIENTE (ID_CLIENTE,NOMBRE_CLIENTE,APELLIDO_CLIENTE,CORREO_ELECTRONICO_CLIENTE,TELEFONO_CLIENTE) values ('528','EUGENIO','LOPEZ CHALCHE','albatros@wandoo.es','938205580');
Insert into MARKET.CLIENTE (ID_CLIENTE,NOMBRE_CLIENTE,APELLIDO_CLIENTE,CORREO_ELECTRONICO_CLIENTE,TELEFONO_CLIENTE) values ('529','ARTURO','VELAZQUEZ AMAYA','albert@intercom.es','936545115');
Insert into MARKET.CLIENTE (ID_CLIENTE,NOMBRE_CLIENTE,APELLIDO_CLIENTE,CORREO_ELECTRONICO_CLIENTE,TELEFONO_CLIENTE) values ('530','PORFIRIO','TOSCANO ANAYA','alien@intercom.es','938202768');
Insert into MARKET.CLIENTE (ID_CLIENTE,NOMBRE_CLIENTE,APELLIDO_CLIENTE,CORREO_ELECTRONICO_CLIENTE,TELEFONO_CLIENTE) values ('531','JESUS ANTONIO','TIBURCIO SARABIA','amores@hotmail.com','938727844');
Insert into MARKET.CLIENTE (ID_CLIENTE,NOMBRE_CLIENTE,APELLIDO_CLIENTE,CORREO_ELECTRONICO_CLIENTE,TELEFONO_CLIENTE) values ('532','JOSE TIBURCIO','HERNANDEZ CASTRO','anabel@altecom.es','938350521');
Insert into MARKET.CLIENTE (ID_CLIENTE,NOMBRE_CLIENTE,APELLIDO_CLIENTE,CORREO_ELECTRONICO_CLIENTE,TELEFONO_CLIENTE) values ('533','PEDRO','SANCHEZ PEÑA','antiga@minorisa.es','938755645');
Insert into MARKET.CLIENTE (ID_CLIENTE,NOMBRE_CLIENTE,APELLIDO_CLIENTE,CORREO_ELECTRONICO_CLIENTE,TELEFONO_CLIENTE) values ('534','PORFIRIO','SIQUEFF DE LA GARZA','ballador@hotmail.com','936520547');
Insert into MARKET.CLIENTE (ID_CLIENTE,NOMBRE_CLIENTE,APELLIDO_CLIENTE,CORREO_ELECTRONICO_CLIENTE,TELEFONO_CLIENTE) values ('535','HECTOR MANUEL','SANCHEZ ESTUDILLO','balladora@altecom.es','936565656');
Insert into MARKET.CLIENTE (ID_CLIENTE,NOMBRE_CLIENTE,APELLIDO_CLIENTE,CORREO_ELECTRONICO_CLIENTE,TELEFONO_CLIENTE) values ('536','PATRICIA EUGENIA','LARA JIMENEZ','barbilla@hotmail.com','936752156');
Insert into MARKET.CLIENTE (ID_CLIENTE,NOMBRE_CLIENTE,APELLIDO_CLIENTE,CORREO_ELECTRONICO_CLIENTE,TELEFONO_CLIENTE) values ('537','ERNESTO','SANCHEZ MORALES','besugo@minorisa.es','938300025');
Insert into MARKET.CLIENTE (ID_CLIENTE,NOMBRE_CLIENTE,APELLIDO_CLIENTE,CORREO_ELECTRONICO_CLIENTE,TELEFONO_CLIENTE) values ('538','MA DE LOURDES BALBINA','SIFUENTES PUENTE','bogart@terra.es','938385567');
Insert into MARKET.CLIENTE (ID_CLIENTE,NOMBRE_CLIENTE,APELLIDO_CLIENTE,CORREO_ELECTRONICO_CLIENTE,TELEFONO_CLIENTE) values ('539','MARIA ESTHER','TRINIDAD GATTAS','bond@terra.es','937809812');
Insert into MARKET.CLIENTE (ID_CLIENTE,NOMBRE_CLIENTE,APELLIDO_CLIENTE,CORREO_ELECTRONICO_CLIENTE,TELEFONO_CLIENTE) values ('540','ELVIRA','LLANAS GATTAS','carretero@intercom.es','936520741');
Insert into MARKET.CLIENTE (ID_CLIENTE,NOMBRE_CLIENTE,APELLIDO_CLIENTE,CORREO_ELECTRONICO_CLIENTE,TELEFONO_CLIENTE) values ('541','FRANCISCO JAVIER','VAZQUEZ ARROYO','cela@altecom.es','938202456');
Insert into MARKET.CLIENTE (ID_CLIENTE,NOMBRE_CLIENTE,APELLIDO_CLIENTE,CORREO_ELECTRONICO_CLIENTE,TELEFONO_CLIENTE) values ('542','MORELOS IVAN','VELAZQUEZ VASQUEZ','coco@hotmail.com','938754554');
Insert into MARKET.CLIENTE (ID_CLIENTE,NOMBRE_CLIENTE,APELLIDO_CLIENTE,CORREO_ELECTRONICO_CLIENTE,TELEFONO_CLIENTE) values ('543','MARIA JOSE','LOPEZ MENDIETA','conejo@minorisa.es','936875544');
Insert into MARKET.CLIENTE (ID_CLIENTE,NOMBRE_CLIENTE,APELLIDO_CLIENTE,CORREO_ELECTRONICO_CLIENTE,TELEFONO_CLIENTE) values ('544','MARIA DEL CARMEN','VELAZQUEZ CRUZ','corcel@altecom.es','935880712');
Insert into MARKET.CLIENTE (ID_CLIENTE,NOMBRE_CLIENTE,APELLIDO_CLIENTE,CORREO_ELECTRONICO_CLIENTE,TELEFONO_CLIENTE) values ('545','IGNACIO ANTONIO','TRUEBA GATTAS','carretero@intercom.es','936875255');
Insert into MARKET.CLIENTE (ID_CLIENTE,NOMBRE_CLIENTE,APELLIDO_CLIENTE,CORREO_ELECTRONICO_CLIENTE,TELEFONO_CLIENTE) values ('546','ERNESTO ALAN','SOLIS CERVANTES','cela@altecom.es','936542775');
Insert into MARKET.CLIENTE (ID_CLIENTE,NOMBRE_CLIENTE,APELLIDO_CLIENTE,CORREO_ELECTRONICO_CLIENTE,TELEFONO_CLIENTE) values ('547','ALMA ARECELY','SILVA LONGORIA','coco@hotmail.com','938773545');
REM INSERTING into MARKET.GONDOLAS
SET DEFINE OFF;
Insert into MARKET.GONDOLAS (ID_GONDOLA,NIVELES_GONDOLA,POSICION_X_GONDOLA,POSICION_Y_GONDOLA) values ('2','5','120','200');
Insert into MARKET.GONDOLAS (ID_GONDOLA,NIVELES_GONDOLA,POSICION_X_GONDOLA,POSICION_Y_GONDOLA) values ('3','5','130','300');
Insert into MARKET.GONDOLAS (ID_GONDOLA,NIVELES_GONDOLA,POSICION_X_GONDOLA,POSICION_Y_GONDOLA) values ('4','5','300','100');
Insert into MARKET.GONDOLAS (ID_GONDOLA,NIVELES_GONDOLA,POSICION_X_GONDOLA,POSICION_Y_GONDOLA) values ('5','5','300','200');
Insert into MARKET.GONDOLAS (ID_GONDOLA,NIVELES_GONDOLA,POSICION_X_GONDOLA,POSICION_Y_GONDOLA) values ('6','5','300','300');
Insert into MARKET.GONDOLAS (ID_GONDOLA,NIVELES_GONDOLA,POSICION_X_GONDOLA,POSICION_Y_GONDOLA) values ('7','5','400','100');
Insert into MARKET.GONDOLAS (ID_GONDOLA,NIVELES_GONDOLA,POSICION_X_GONDOLA,POSICION_Y_GONDOLA) values ('8','5','400','200');
Insert into MARKET.GONDOLAS (ID_GONDOLA,NIVELES_GONDOLA,POSICION_X_GONDOLA,POSICION_Y_GONDOLA) values ('9','5','400','300');
Insert into MARKET.GONDOLAS (ID_GONDOLA,NIVELES_GONDOLA,POSICION_X_GONDOLA,POSICION_Y_GONDOLA) values ('10','5','500','100');
Insert into MARKET.GONDOLAS (ID_GONDOLA,NIVELES_GONDOLA,POSICION_X_GONDOLA,POSICION_Y_GONDOLA) values ('1','5','10','10');
REM INSERTING into MARKET.MARCAS
SET DEFINE OFF;
Insert into MARKET.MARCAS (ID_MARCA,NOMBRE_MARCA) values ('102','nestle');
Insert into MARKET.MARCAS (ID_MARCA,NOMBRE_MARCA) values ('103','colombina');
Insert into MARKET.MARCAS (ID_MARCA,NOMBRE_MARCA) values ('104','postobon');
Insert into MARKET.MARCAS (ID_MARCA,NOMBRE_MARCA) values ('106','sony');
Insert into MARKET.MARCAS (ID_MARCA,NOMBRE_MARCA) values ('107','unilever');
Insert into MARKET.MARCAS (ID_MARCA,NOMBRE_MARCA) values ('108','fruco');
Insert into MARKET.MARCAS (ID_MARCA,NOMBRE_MARCA) values ('109','microsoft');
Insert into MARKET.MARCAS (ID_MARCA,NOMBRE_MARCA) values ('110','panasonic');
Insert into MARKET.MARCAS (ID_MARCA,NOMBRE_MARCA) values ('111','schwarzkopf');
Insert into MARKET.MARCAS (ID_MARCA,NOMBRE_MARCA) values ('112','kelley');
Insert into MARKET.MARCAS (ID_MARCA,NOMBRE_MARCA) values ('113','addidas');
Insert into MARKET.MARCAS (ID_MARCA,NOMBRE_MARCA) values ('114','nike');
Insert into MARKET.MARCAS (ID_MARCA,NOMBRE_MARCA) values ('115','arturo calle');
Insert into MARKET.MARCAS (ID_MARCA,NOMBRE_MARCA) values ('116','bavaria');
Insert into MARKET.MARCAS (ID_MARCA,NOMBRE_MARCA) values ('101','cocacola');
Insert into MARKET.MARCAS (ID_MARCA,NOMBRE_MARCA) values ('105','P&G');

REM INSERTING into MARKET.PRODUCTOS
SET DEFINE OFF;
Insert into MARKET.PRODUCTOS (ID_PRODUCTO,ID_MARCA,NOMBRE_PRODUCTO,PRECIO_PRODUCTO,DESCRIPCION_PRODUCTO,FECHAVENCIMIENTO_PRODUCTO,TIPO_PRODUCTO,CANTIDAD_PRODUCTO,MEDIDA_PRODUCTO,CANTIDAD_MEDIDA_PRODUCTO) values ('202','101','sprite','1500','componentes: bebida dulce gaseosa, 1000 calorias',to_date('20/02/19','DD/MM/RR'),'B','23','ML','1000');
Insert into MARKET.PRODUCTOS (ID_PRODUCTO,ID_MARCA,NOMBRE_PRODUCTO,PRECIO_PRODUCTO,DESCRIPCION_PRODUCTO,FECHAVENCIMIENTO_PRODUCTO,TIPO_PRODUCTO,CANTIDAD_PRODUCTO,MEDIDA_PRODUCTO,CANTIDAD_MEDIDA_PRODUCTO) values ('203','101','quatro','1500','componentes: bebida dulce gaseosa, 1000 calorias',to_date('10/05/25','DD/MM/RR'),'B','55','ML','1000');
Insert into MARKET.PRODUCTOS (ID_PRODUCTO,ID_MARCA,NOMBRE_PRODUCTO,PRECIO_PRODUCTO,DESCRIPCION_PRODUCTO,FECHAVENCIMIENTO_PRODUCTO,TIPO_PRODUCTO,CANTIDAD_PRODUCTO,MEDIDA_PRODUCTO,CANTIDAD_MEDIDA_PRODUCTO) values ('204','102','kitkat','800','componentes: barras de galleta con chocolate, 500 calorias',to_date('03/09/18','DD/MM/RR'),'C','345','G','500');
Insert into MARKET.PRODUCTOS (ID_PRODUCTO,ID_MARCA,NOMBRE_PRODUCTO,PRECIO_PRODUCTO,DESCRIPCION_PRODUCTO,FECHAVENCIMIENTO_PRODUCTO,TIPO_PRODUCTO,CANTIDAD_PRODUCTO,MEDIDA_PRODUCTO,CANTIDAD_MEDIDA_PRODUCTO) values ('205','102','nesquik','3000','componentes: chocolate en polvo, 500 calorias',to_date('09/12/19','DD/MM/RR'),'C','6439','G','4000');
Insert into MARKET.PRODUCTOS (ID_PRODUCTO,ID_MARCA,NOMBRE_PRODUCTO,PRECIO_PRODUCTO,DESCRIPCION_PRODUCTO,FECHAVENCIMIENTO_PRODUCTO,TIPO_PRODUCTO,CANTIDAD_PRODUCTO,MEDIDA_PRODUCTO,CANTIDAD_MEDIDA_PRODUCTO) values ('206','102','necafe','4500','componentes: cafe colombiano de gran calidad, contiene:cafeina,azucar,quimicos',to_date('17/09/20','DD/MM/RR'),'C','532','G','4000');
Insert into MARKET.PRODUCTOS (ID_PRODUCTO,ID_MARCA,NOMBRE_PRODUCTO,PRECIO_PRODUCTO,DESCRIPCION_PRODUCTO,FECHAVENCIMIENTO_PRODUCTO,TIPO_PRODUCTO,CANTIDAD_PRODUCTO,MEDIDA_PRODUCTO,CANTIDAD_MEDIDA_PRODUCTO) values ('207','103','nucita','700','componentes: paste de chocolate balnco y oscuro',to_date('20/02/19','DD/MM/RR'),'C','654','G','500');
Insert into MARKET.PRODUCTOS (ID_PRODUCTO,ID_MARCA,NOMBRE_PRODUCTO,PRECIO_PRODUCTO,DESCRIPCION_PRODUCTO,FECHAVENCIMIENTO_PRODUCTO,TIPO_PRODUCTO,CANTIDAD_PRODUCTO,MEDIDA_PRODUCTO,CANTIDAD_MEDIDA_PRODUCTO) values ('208','103','jet','800','componentes: barra de chocolate pequeña',to_date('10/05/25','DD/MM/RR'),'C','972','G','500');
Insert into MARKET.PRODUCTOS (ID_PRODUCTO,ID_MARCA,NOMBRE_PRODUCTO,PRECIO_PRODUCTO,DESCRIPCION_PRODUCTO,FECHAVENCIMIENTO_PRODUCTO,TIPO_PRODUCTO,CANTIDAD_PRODUCTO,MEDIDA_PRODUCTO,CANTIDAD_MEDIDA_PRODUCTO) values ('209','103','bonbonbum','500','componentes: paleta de dulce',to_date('03/09/18','DD/MM/RR'),'C','67','G','500');
Insert into MARKET.PRODUCTOS (ID_PRODUCTO,ID_MARCA,NOMBRE_PRODUCTO,PRECIO_PRODUCTO,DESCRIPCION_PRODUCTO,FECHAVENCIMIENTO_PRODUCTO,TIPO_PRODUCTO,CANTIDAD_PRODUCTO,MEDIDA_PRODUCTO,CANTIDAD_MEDIDA_PRODUCTO) values ('210','103','millows','1200','componentes: esponjosos masmelos',to_date('09/12/19','DD/MM/RR'),'C','5773','G','3000');
Insert into MARKET.PRODUCTOS (ID_PRODUCTO,ID_MARCA,NOMBRE_PRODUCTO,PRECIO_PRODUCTO,DESCRIPCION_PRODUCTO,FECHAVENCIMIENTO_PRODUCTO,TIPO_PRODUCTO,CANTIDAD_PRODUCTO,MEDIDA_PRODUCTO,CANTIDAD_MEDIDA_PRODUCTO) values ('211','103','la_constansia','2000','componentes: salsa de tomate',to_date('17/09/20','DD/MM/RR'),'C','357','G','500');
Insert into MARKET.PRODUCTOS (ID_PRODUCTO,ID_MARCA,NOMBRE_PRODUCTO,PRECIO_PRODUCTO,DESCRIPCION_PRODUCTO,FECHAVENCIMIENTO_PRODUCTO,TIPO_PRODUCTO,CANTIDAD_PRODUCTO,MEDIDA_PRODUCTO,CANTIDAD_MEDIDA_PRODUCTO) values ('212','104','colombiana','1500','componentes: bebida dulce gaseosa',to_date('20/02/19','DD/MM/RR'),'B','54','ML','1000');
Insert into MARKET.PRODUCTOS (ID_PRODUCTO,ID_MARCA,NOMBRE_PRODUCTO,PRECIO_PRODUCTO,DESCRIPCION_PRODUCTO,FECHAVENCIMIENTO_PRODUCTO,TIPO_PRODUCTO,CANTIDAD_PRODUCTO,MEDIDA_PRODUCTO,CANTIDAD_MEDIDA_PRODUCTO) values ('213','104','pepsi','1500','componentes: bebida dulce carbonatada',to_date('10/05/25','DD/MM/RR'),'B','325','ML','1000');
Insert into MARKET.PRODUCTOS (ID_PRODUCTO,ID_MARCA,NOMBRE_PRODUCTO,PRECIO_PRODUCTO,DESCRIPCION_PRODUCTO,FECHAVENCIMIENTO_PRODUCTO,TIPO_PRODUCTO,CANTIDAD_PRODUCTO,MEDIDA_PRODUCTO,CANTIDAD_MEDIDA_PRODUCTO) values ('214','104','7up','1500','componentes: bebida dulce gaseosa',to_date('03/09/18','DD/MM/RR'),'B','45','ML','1000');
Insert into MARKET.PRODUCTOS (ID_PRODUCTO,ID_MARCA,NOMBRE_PRODUCTO,PRECIO_PRODUCTO,DESCRIPCION_PRODUCTO,FECHAVENCIMIENTO_PRODUCTO,TIPO_PRODUCTO,CANTIDAD_PRODUCTO,MEDIDA_PRODUCTO,CANTIDAD_MEDIDA_PRODUCTO) values ('220','106','bravia','650000','televisor de alta fidelidad',null,'T','194','P','50');
Insert into MARKET.PRODUCTOS (ID_PRODUCTO,ID_MARCA,NOMBRE_PRODUCTO,PRECIO_PRODUCTO,DESCRIPCION_PRODUCTO,FECHAVENCIMIENTO_PRODUCTO,TIPO_PRODUCTO,CANTIDAD_PRODUCTO,MEDIDA_PRODUCTO,CANTIDAD_MEDIDA_PRODUCTO) values ('221','106','xperia','480000','smartphone de gama media',null,'T','23','P','7');
Insert into MARKET.PRODUCTOS (ID_PRODUCTO,ID_MARCA,NOMBRE_PRODUCTO,PRECIO_PRODUCTO,DESCRIPCION_PRODUCTO,FECHAVENCIMIENTO_PRODUCTO,TIPO_PRODUCTO,CANTIDAD_PRODUCTO,MEDIDA_PRODUCTO,CANTIDAD_MEDIDA_PRODUCTO) values ('222','106','z','510700','smartphone de gama alta',null,'T','78','P','8');
Insert into MARKET.PRODUCTOS (ID_PRODUCTO,ID_MARCA,NOMBRE_PRODUCTO,PRECIO_PRODUCTO,DESCRIPCION_PRODUCTO,FECHAVENCIMIENTO_PRODUCTO,TIPO_PRODUCTO,CANTIDAD_PRODUCTO,MEDIDA_PRODUCTO,CANTIDAD_MEDIDA_PRODUCTO) values ('223','106','playstation','850000','consola de videojuegos',null,'T','865','U','1');
Insert into MARKET.PRODUCTOS (ID_PRODUCTO,ID_MARCA,NOMBRE_PRODUCTO,PRECIO_PRODUCTO,DESCRIPCION_PRODUCTO,FECHAVENCIMIENTO_PRODUCTO,TIPO_PRODUCTO,CANTIDAD_PRODUCTO,MEDIDA_PRODUCTO,CANTIDAD_MEDIDA_PRODUCTO) values ('224','106','walkman','22000','reproductor de musica digital',to_date('03/09/18','DD/MM/RR'),'T','245','U','1');
Insert into MARKET.PRODUCTOS (ID_PRODUCTO,ID_MARCA,NOMBRE_PRODUCTO,PRECIO_PRODUCTO,DESCRIPCION_PRODUCTO,FECHAVENCIMIENTO_PRODUCTO,TIPO_PRODUCTO,CANTIDAD_PRODUCTO,MEDIDA_PRODUCTO,CANTIDAD_MEDIDA_PRODUCTO) values ('225','107','dove','2500','componentes: jabon para piel suave',to_date('09/12/19','DD/MM/RR'),'A','76','G','1000');
Insert into MARKET.PRODUCTOS (ID_PRODUCTO,ID_MARCA,NOMBRE_PRODUCTO,PRECIO_PRODUCTO,DESCRIPCION_PRODUCTO,FECHAVENCIMIENTO_PRODUCTO,TIPO_PRODUCTO,CANTIDAD_PRODUCTO,MEDIDA_PRODUCTO,CANTIDAD_MEDIDA_PRODUCTO) values ('226','107','axe','4000','desodorante para hombres',to_date('17/09/20','DD/MM/RR'),'A','54','G','1000');
Insert into MARKET.PRODUCTOS (ID_PRODUCTO,ID_MARCA,NOMBRE_PRODUCTO,PRECIO_PRODUCTO,DESCRIPCION_PRODUCTO,FECHAVENCIMIENTO_PRODUCTO,TIPO_PRODUCTO,CANTIDAD_PRODUCTO,MEDIDA_PRODUCTO,CANTIDAD_MEDIDA_PRODUCTO) values ('227','107','vaseline','1700','sin_descripcion',to_date('20/02/19','DD/MM/RR'),'A','325','G','1000');
Insert into MARKET.PRODUCTOS (ID_PRODUCTO,ID_MARCA,NOMBRE_PRODUCTO,PRECIO_PRODUCTO,DESCRIPCION_PRODUCTO,FECHAVENCIMIENTO_PRODUCTO,TIPO_PRODUCTO,CANTIDAD_PRODUCTO,MEDIDA_PRODUCTO,CANTIDAD_MEDIDA_PRODUCTO) values ('228','107','knorr','500','caldo de gallina en polvo',to_date('10/05/25','DD/MM/RR'),'C','45','G','500');
Insert into MARKET.PRODUCTOS (ID_PRODUCTO,ID_MARCA,NOMBRE_PRODUCTO,PRECIO_PRODUCTO,DESCRIPCION_PRODUCTO,FECHAVENCIMIENTO_PRODUCTO,TIPO_PRODUCTO,CANTIDAD_PRODUCTO,MEDIDA_PRODUCTO,CANTIDAD_MEDIDA_PRODUCTO) values ('229','107','lux','4200','sin_descripcion',to_date('03/09/18','DD/MM/RR'),'A','324','G','4000');
Insert into MARKET.PRODUCTOS (ID_PRODUCTO,ID_MARCA,NOMBRE_PRODUCTO,PRECIO_PRODUCTO,DESCRIPCION_PRODUCTO,FECHAVENCIMIENTO_PRODUCTO,TIPO_PRODUCTO,CANTIDAD_PRODUCTO,MEDIDA_PRODUCTO,CANTIDAD_MEDIDA_PRODUCTO) values ('230','107','rexona','4300','desodorante pra hombre y mujer',to_date('09/12/19','DD/MM/RR'),'A','44','G','4000');
Insert into MARKET.PRODUCTOS (ID_PRODUCTO,ID_MARCA,NOMBRE_PRODUCTO,PRECIO_PRODUCTO,DESCRIPCION_PRODUCTO,FECHAVENCIMIENTO_PRODUCTO,TIPO_PRODUCTO,CANTIDAD_PRODUCTO,MEDIDA_PRODUCTO,CANTIDAD_MEDIDA_PRODUCTO) values ('231','107','ponds','3250','sin_descripcion',to_date('17/09/20','DD/MM/RR'),'C','8762','G','500');
Insert into MARKET.PRODUCTOS (ID_PRODUCTO,ID_MARCA,NOMBRE_PRODUCTO,PRECIO_PRODUCTO,DESCRIPCION_PRODUCTO,FECHAVENCIMIENTO_PRODUCTO,TIPO_PRODUCTO,CANTIDAD_PRODUCTO,MEDIDA_PRODUCTO,CANTIDAD_MEDIDA_PRODUCTO) values ('232','108','zucaritas','8900','componentes: ojuelas azucaradas',to_date('20/02/19','DD/MM/RR'),'C','67','G','500');
Insert into MARKET.PRODUCTOS (ID_PRODUCTO,ID_MARCA,NOMBRE_PRODUCTO,PRECIO_PRODUCTO,DESCRIPCION_PRODUCTO,FECHAVENCIMIENTO_PRODUCTO,TIPO_PRODUCTO,CANTIDAD_PRODUCTO,MEDIDA_PRODUCTO,CANTIDAD_MEDIDA_PRODUCTO) values ('233','108','frootloops','8900','componentes: ruedas de dulce',to_date('10/05/25','DD/MM/RR'),'C','567','G','500');
Insert into MARKET.PRODUCTOS (ID_PRODUCTO,ID_MARCA,NOMBRE_PRODUCTO,PRECIO_PRODUCTO,DESCRIPCION_PRODUCTO,FECHAVENCIMIENTO_PRODUCTO,TIPO_PRODUCTO,CANTIDAD_PRODUCTO,MEDIDA_PRODUCTO,CANTIDAD_MEDIDA_PRODUCTO) values ('234','108','chocokrispis','8900','componentes: arroz inflado de chocolate',to_date('03/09/18','DD/MM/RR'),'C','194','G','3000');
Insert into MARKET.PRODUCTOS (ID_PRODUCTO,ID_MARCA,NOMBRE_PRODUCTO,PRECIO_PRODUCTO,DESCRIPCION_PRODUCTO,FECHAVENCIMIENTO_PRODUCTO,TIPO_PRODUCTO,CANTIDAD_PRODUCTO,MEDIDA_PRODUCTO,CANTIDAD_MEDIDA_PRODUCTO) values ('235','108','allbran','11000','componentes: productos naturales, granos, etc',to_date('09/12/19','DD/MM/RR'),'C','23','G','500');
Insert into MARKET.PRODUCTOS (ID_PRODUCTO,ID_MARCA,NOMBRE_PRODUCTO,PRECIO_PRODUCTO,DESCRIPCION_PRODUCTO,FECHAVENCIMIENTO_PRODUCTO,TIPO_PRODUCTO,CANTIDAD_PRODUCTO,MEDIDA_PRODUCTO,CANTIDAD_MEDIDA_PRODUCTO) values ('236','108','cornflakes','11000','componentes: productos naturales, granos, etc',to_date('17/09/20','DD/MM/RR'),'C','78','G','1000');
Insert into MARKET.PRODUCTOS (ID_PRODUCTO,ID_MARCA,NOMBRE_PRODUCTO,PRECIO_PRODUCTO,DESCRIPCION_PRODUCTO,FECHAVENCIMIENTO_PRODUCTO,TIPO_PRODUCTO,CANTIDAD_PRODUCTO,MEDIDA_PRODUCTO,CANTIDAD_MEDIDA_PRODUCTO) values ('237','109','xbox','650000','consola de videojuegos',null,'T','865','U','1');
Insert into MARKET.PRODUCTOS (ID_PRODUCTO,ID_MARCA,NOMBRE_PRODUCTO,PRECIO_PRODUCTO,DESCRIPCION_PRODUCTO,FECHAVENCIMIENTO_PRODUCTO,TIPO_PRODUCTO,CANTIDAD_PRODUCTO,MEDIDA_PRODUCTO,CANTIDAD_MEDIDA_PRODUCTO) values ('238','109','surfacepc','510000','pc, ram 3gb, memoria 1t',null,'T','245','U','1');
Insert into MARKET.PRODUCTOS (ID_PRODUCTO,ID_MARCA,NOMBRE_PRODUCTO,PRECIO_PRODUCTO,DESCRIPCION_PRODUCTO,FECHAVENCIMIENTO_PRODUCTO,TIPO_PRODUCTO,CANTIDAD_PRODUCTO,MEDIDA_PRODUCTO,CANTIDAD_MEDIDA_PRODUCTO) values ('239','110','lumixCamara','436000','resolucion hd, pequeña y portatil',null,'T','76','U','1');
Insert into MARKET.PRODUCTOS (ID_PRODUCTO,ID_MARCA,NOMBRE_PRODUCTO,PRECIO_PRODUCTO,DESCRIPCION_PRODUCTO,FECHAVENCIMIENTO_PRODUCTO,TIPO_PRODUCTO,CANTIDAD_PRODUCTO,MEDIDA_PRODUCTO,CANTIDAD_MEDIDA_PRODUCTO) values ('240','110','vieraTv','745000','televisor hd inteligente',null,'T','54','U','1');
Insert into MARKET.PRODUCTOS (ID_PRODUCTO,ID_MARCA,NOMBRE_PRODUCTO,PRECIO_PRODUCTO,DESCRIPCION_PRODUCTO,FECHAVENCIMIENTO_PRODUCTO,TIPO_PRODUCTO,CANTIDAD_PRODUCTO,MEDIDA_PRODUCTO,CANTIDAD_MEDIDA_PRODUCTO) values ('241','111','senea','20000','sin_descripcion',to_date('17/09/20','DD/MM/RR'),'BE','325','G','3000');
Insert into MARKET.PRODUCTOS (ID_PRODUCTO,ID_MARCA,NOMBRE_PRODUCTO,PRECIO_PRODUCTO,DESCRIPCION_PRODUCTO,FECHAVENCIMIENTO_PRODUCTO,TIPO_PRODUCTO,CANTIDAD_PRODUCTO,MEDIDA_PRODUCTO,CANTIDAD_MEDIDA_PRODUCTO) values ('242','111','igora','32000','tinte para el cabello',to_date('20/02/19','DD/MM/RR'),'BE','45','G','500');
Insert into MARKET.PRODUCTOS (ID_PRODUCTO,ID_MARCA,NOMBRE_PRODUCTO,PRECIO_PRODUCTO,DESCRIPCION_PRODUCTO,FECHAVENCIMIENTO_PRODUCTO,TIPO_PRODUCTO,CANTIDAD_PRODUCTO,MEDIDA_PRODUCTO,CANTIDAD_MEDIDA_PRODUCTO) values ('243','111','fibreplex','15000','sin_descripcion',to_date('10/05/25','DD/MM/RR'),'BE','324','G','500');
Insert into MARKET.PRODUCTOS (ID_PRODUCTO,ID_MARCA,NOMBRE_PRODUCTO,PRECIO_PRODUCTO,DESCRIPCION_PRODUCTO,FECHAVENCIMIENTO_PRODUCTO,TIPO_PRODUCTO,CANTIDAD_PRODUCTO,MEDIDA_PRODUCTO,CANTIDAD_MEDIDA_PRODUCTO) values ('244','111','gliss','5000','cuidado del cabello',to_date('03/09/18','DD/MM/RR'),'BE','44','G','500');
Insert into MARKET.PRODUCTOS (ID_PRODUCTO,ID_MARCA,NOMBRE_PRODUCTO,PRECIO_PRODUCTO,DESCRIPCION_PRODUCTO,FECHAVENCIMIENTO_PRODUCTO,TIPO_PRODUCTO,CANTIDAD_PRODUCTO,MEDIDA_PRODUCTO,CANTIDAD_MEDIDA_PRODUCTO) values ('245','111','brillanze','8700','acondicionador para el cabello',to_date('09/12/19','DD/MM/RR'),'BE','8762','G','3000');
Insert into MARKET.PRODUCTOS (ID_PRODUCTO,ID_MARCA,NOMBRE_PRODUCTO,PRECIO_PRODUCTO,DESCRIPCION_PRODUCTO,FECHAVENCIMIENTO_PRODUCTO,TIPO_PRODUCTO,CANTIDAD_PRODUCTO,MEDIDA_PRODUCTO,CANTIDAD_MEDIDA_PRODUCTO) values ('246','111','osis','10000','sin_descripcion',to_date('17/09/20','DD/MM/RR'),'BE','67','G','500');
Insert into MARKET.PRODUCTOS (ID_PRODUCTO,ID_MARCA,NOMBRE_PRODUCTO,PRECIO_PRODUCTO,DESCRIPCION_PRODUCTO,FECHAVENCIMIENTO_PRODUCTO,TIPO_PRODUCTO,CANTIDAD_PRODUCTO,MEDIDA_PRODUCTO,CANTIDAD_MEDIDA_PRODUCTO) values ('247','112','tv_kalley','480000','televidor economico de alta fidelidad',null,'T','567','P','30');
Insert into MARKET.PRODUCTOS (ID_PRODUCTO,ID_MARCA,NOMBRE_PRODUCTO,PRECIO_PRODUCTO,DESCRIPCION_PRODUCTO,FECHAVENCIMIENTO_PRODUCTO,TIPO_PRODUCTO,CANTIDAD_PRODUCTO,MEDIDA_PRODUCTO,CANTIDAD_MEDIDA_PRODUCTO) values ('248','112','radio_kalley','156000','sin_descripcion',null,'T','194','U','1');
Insert into MARKET.PRODUCTOS (ID_PRODUCTO,ID_MARCA,NOMBRE_PRODUCTO,PRECIO_PRODUCTO,DESCRIPCION_PRODUCTO,FECHAVENCIMIENTO_PRODUCTO,TIPO_PRODUCTO,CANTIDAD_PRODUCTO,MEDIDA_PRODUCTO,CANTIDAD_MEDIDA_PRODUCTO) values ('249','112','dvd_kalley','220000','reprocuctor dvd, wref, mp4 y mp3',null,'T','23','U','1');
Insert into MARKET.PRODUCTOS (ID_PRODUCTO,ID_MARCA,NOMBRE_PRODUCTO,PRECIO_PRODUCTO,DESCRIPCION_PRODUCTO,FECHAVENCIMIENTO_PRODUCTO,TIPO_PRODUCTO,CANTIDAD_PRODUCTO,MEDIDA_PRODUCTO,CANTIDAD_MEDIDA_PRODUCTO) values ('250','112','micro_kalley','100200','microoondas para alimentos',null,'T','78','U','1');
Insert into MARKET.PRODUCTOS (ID_PRODUCTO,ID_MARCA,NOMBRE_PRODUCTO,PRECIO_PRODUCTO,DESCRIPCION_PRODUCTO,FECHAVENCIMIENTO_PRODUCTO,TIPO_PRODUCTO,CANTIDAD_PRODUCTO,MEDIDA_PRODUCTO,CANTIDAD_MEDIDA_PRODUCTO) values ('251','113','instinc','250000','zapatos deportivos de alta gama',null,'CA','865','CM','20');
Insert into MARKET.PRODUCTOS (ID_PRODUCTO,ID_MARCA,NOMBRE_PRODUCTO,PRECIO_PRODUCTO,DESCRIPCION_PRODUCTO,FECHAVENCIMIENTO_PRODUCTO,TIPO_PRODUCTO,CANTIDAD_PRODUCTO,MEDIDA_PRODUCTO,CANTIDAD_MEDIDA_PRODUCTO) values ('215','105','ariel','2500','componentes: jabon en polvo',to_date('09/12/19','DD/MM/RR'),'A','324','G','1000');
Insert into MARKET.PRODUCTOS (ID_PRODUCTO,ID_MARCA,NOMBRE_PRODUCTO,PRECIO_PRODUCTO,DESCRIPCION_PRODUCTO,FECHAVENCIMIENTO_PRODUCTO,TIPO_PRODUCTO,CANTIDAD_PRODUCTO,MEDIDA_PRODUCTO,CANTIDAD_MEDIDA_PRODUCTO) values ('252','113','wings','300000','zapatos deportivos de alta gama',null,'CA','245','CM','30');
Insert into MARKET.PRODUCTOS (ID_PRODUCTO,ID_MARCA,NOMBRE_PRODUCTO,PRECIO_PRODUCTO,DESCRIPCION_PRODUCTO,FECHAVENCIMIENTO_PRODUCTO,TIPO_PRODUCTO,CANTIDAD_PRODUCTO,MEDIDA_PRODUCTO,CANTIDAD_MEDIDA_PRODUCTO) values ('253','113','licence','315000','zapatos deportivos de alta gama',null,'CA','76','CM','10');
Insert into MARKET.PRODUCTOS (ID_PRODUCTO,ID_MARCA,NOMBRE_PRODUCTO,PRECIO_PRODUCTO,DESCRIPCION_PRODUCTO,FECHAVENCIMIENTO_PRODUCTO,TIPO_PRODUCTO,CANTIDAD_PRODUCTO,MEDIDA_PRODUCTO,CANTIDAD_MEDIDA_PRODUCTO) values ('254','113','ransom','401000','zapatos deportivos de alta gama',null,'CA','54','CM','15');
Insert into MARKET.PRODUCTOS (ID_PRODUCTO,ID_MARCA,NOMBRE_PRODUCTO,PRECIO_PRODUCTO,DESCRIPCION_PRODUCTO,FECHAVENCIMIENTO_PRODUCTO,TIPO_PRODUCTO,CANTIDAD_PRODUCTO,MEDIDA_PRODUCTO,CANTIDAD_MEDIDA_PRODUCTO) values ('255','113','mutombo','250000','zapatos deportivos de alta gama',null,'CA','87','CM','25');
Insert into MARKET.PRODUCTOS (ID_PRODUCTO,ID_MARCA,NOMBRE_PRODUCTO,PRECIO_PRODUCTO,DESCRIPCION_PRODUCTO,FECHAVENCIMIENTO_PRODUCTO,TIPO_PRODUCTO,CANTIDAD_PRODUCTO,MEDIDA_PRODUCTO,CANTIDAD_MEDIDA_PRODUCTO) values ('256','113','conference','300000','zapatos deportivos de alta gama',null,'CA','65','CM','31');
Insert into MARKET.PRODUCTOS (ID_PRODUCTO,ID_MARCA,NOMBRE_PRODUCTO,PRECIO_PRODUCTO,DESCRIPCION_PRODUCTO,FECHAVENCIMIENTO_PRODUCTO,TIPO_PRODUCTO,CANTIDAD_PRODUCTO,MEDIDA_PRODUCTO,CANTIDAD_MEDIDA_PRODUCTO) values ('257','113','rivalry','315000','zapatos deportivos de alta gama',null,'CA','58','CM','20');
Insert into MARKET.PRODUCTOS (ID_PRODUCTO,ID_MARCA,NOMBRE_PRODUCTO,PRECIO_PRODUCTO,DESCRIPCION_PRODUCTO,FECHAVENCIMIENTO_PRODUCTO,TIPO_PRODUCTO,CANTIDAD_PRODUCTO,MEDIDA_PRODUCTO,CANTIDAD_MEDIDA_PRODUCTO) values ('258','113','attitude','401000','zapatos deportivos de alta gaman',null,'CA','15','CM','30');
Insert into MARKET.PRODUCTOS (ID_PRODUCTO,ID_MARCA,NOMBRE_PRODUCTO,PRECIO_PRODUCTO,DESCRIPCION_PRODUCTO,FECHAVENCIMIENTO_PRODUCTO,TIPO_PRODUCTO,CANTIDAD_PRODUCTO,MEDIDA_PRODUCTO,CANTIDAD_MEDIDA_PRODUCTO) values ('259','113','mid','250000','zapatos deportivos de alta gama',null,'CA','20','CM','10');
Insert into MARKET.PRODUCTOS (ID_PRODUCTO,ID_MARCA,NOMBRE_PRODUCTO,PRECIO_PRODUCTO,DESCRIPCION_PRODUCTO,FECHAVENCIMIENTO_PRODUCTO,TIPO_PRODUCTO,CANTIDAD_PRODUCTO,MEDIDA_PRODUCTO,CANTIDAD_MEDIDA_PRODUCTO) values ('260','113','torsion','300000','zapatos deportivos de alta gama',null,'CA','30','CM','15');
Insert into MARKET.PRODUCTOS (ID_PRODUCTO,ID_MARCA,NOMBRE_PRODUCTO,PRECIO_PRODUCTO,DESCRIPCION_PRODUCTO,FECHAVENCIMIENTO_PRODUCTO,TIPO_PRODUCTO,CANTIDAD_PRODUCTO,MEDIDA_PRODUCTO,CANTIDAD_MEDIDA_PRODUCTO) values ('261','114','shox','315000','zapatos deportivos de alta gama',null,'CA','34','CM','25');
Insert into MARKET.PRODUCTOS (ID_PRODUCTO,ID_MARCA,NOMBRE_PRODUCTO,PRECIO_PRODUCTO,DESCRIPCION_PRODUCTO,FECHAVENCIMIENTO_PRODUCTO,TIPO_PRODUCTO,CANTIDAD_PRODUCTO,MEDIDA_PRODUCTO,CANTIDAD_MEDIDA_PRODUCTO) values ('262','114','metro','401000','zapatos deportivos de alta gama',null,'CA','58','CM','31');
Insert into MARKET.PRODUCTOS (ID_PRODUCTO,ID_MARCA,NOMBRE_PRODUCTO,PRECIO_PRODUCTO,DESCRIPCION_PRODUCTO,FECHAVENCIMIENTO_PRODUCTO,TIPO_PRODUCTO,CANTIDAD_PRODUCTO,MEDIDA_PRODUCTO,CANTIDAD_MEDIDA_PRODUCTO) values ('263','114','dart','250000','zapatos deportivos de alta gama',null,'CA','10','CM','10');
Insert into MARKET.PRODUCTOS (ID_PRODUCTO,ID_MARCA,NOMBRE_PRODUCTO,PRECIO_PRODUCTO,DESCRIPCION_PRODUCTO,FECHAVENCIMIENTO_PRODUCTO,TIPO_PRODUCTO,CANTIDAD_PRODUCTO,MEDIDA_PRODUCTO,CANTIDAD_MEDIDA_PRODUCTO) values ('264','114','air','300000','zapatos deportivos de alta gama',null,'CA','98','CM','15');
Insert into MARKET.PRODUCTOS (ID_PRODUCTO,ID_MARCA,NOMBRE_PRODUCTO,PRECIO_PRODUCTO,DESCRIPCION_PRODUCTO,FECHAVENCIMIENTO_PRODUCTO,TIPO_PRODUCTO,CANTIDAD_PRODUCTO,MEDIDA_PRODUCTO,CANTIDAD_MEDIDA_PRODUCTO) values ('265','114','ruckus','315000','zapatos deportivos de alta gama',null,'CA','65','CM','25');
Insert into MARKET.PRODUCTOS (ID_PRODUCTO,ID_MARCA,NOMBRE_PRODUCTO,PRECIO_PRODUCTO,DESCRIPCION_PRODUCTO,FECHAVENCIMIENTO_PRODUCTO,TIPO_PRODUCTO,CANTIDAD_PRODUCTO,MEDIDA_PRODUCTO,CANTIDAD_MEDIDA_PRODUCTO) values ('266','114','huarache','401000','zapatos deportivos de alta gama',null,'CA','32','CM','31');
Insert into MARKET.PRODUCTOS (ID_PRODUCTO,ID_MARCA,NOMBRE_PRODUCTO,PRECIO_PRODUCTO,DESCRIPCION_PRODUCTO,FECHAVENCIMIENTO_PRODUCTO,TIPO_PRODUCTO,CANTIDAD_PRODUCTO,MEDIDA_PRODUCTO,CANTIDAD_MEDIDA_PRODUCTO) values ('267','115','poker','2500','cerveza a 10% de alcohol',to_date('20/02/19','DD/MM/RR'),'LI','56','ML','3000');
Insert into MARKET.PRODUCTOS (ID_PRODUCTO,ID_MARCA,NOMBRE_PRODUCTO,PRECIO_PRODUCTO,DESCRIPCION_PRODUCTO,FECHAVENCIMIENTO_PRODUCTO,TIPO_PRODUCTO,CANTIDAD_PRODUCTO,MEDIDA_PRODUCTO,CANTIDAD_MEDIDA_PRODUCTO) values ('268','115','aguila','2200','cerveza a 10% de alcohol',to_date('10/05/25','DD/MM/RR'),'LI','122','ML','500');
Insert into MARKET.PRODUCTOS (ID_PRODUCTO,ID_MARCA,NOMBRE_PRODUCTO,PRECIO_PRODUCTO,DESCRIPCION_PRODUCTO,FECHAVENCIMIENTO_PRODUCTO,TIPO_PRODUCTO,CANTIDAD_PRODUCTO,MEDIDA_PRODUCTO,CANTIDAD_MEDIDA_PRODUCTO) values ('269','115','ponymalta','1200','bebida dulce sin alcohol',to_date('03/09/18','DD/MM/RR'),'LI','654','ML','1000');
Insert into MARKET.PRODUCTOS (ID_PRODUCTO,ID_MARCA,NOMBRE_PRODUCTO,PRECIO_PRODUCTO,DESCRIPCION_PRODUCTO,FECHAVENCIMIENTO_PRODUCTO,TIPO_PRODUCTO,CANTIDAD_PRODUCTO,MEDIDA_PRODUCTO,CANTIDAD_MEDIDA_PRODUCTO) values ('270','116','aguardiente','4000','bebida con alcohol',to_date('09/12/19','DD/MM/RR'),'LI','987','ML','1000');
Insert into MARKET.PRODUCTOS (ID_PRODUCTO,ID_MARCA,NOMBRE_PRODUCTO,PRECIO_PRODUCTO,DESCRIPCION_PRODUCTO,FECHAVENCIMIENTO_PRODUCTO,TIPO_PRODUCTO,CANTIDAD_PRODUCTO,MEDIDA_PRODUCTO,CANTIDAD_MEDIDA_PRODUCTO) values ('271','116','ron','5000','bebida con alcohon',to_date('10/05/25','DD/MM/RR'),'LI','100','ML','1000');
Insert into MARKET.PRODUCTOS (ID_PRODUCTO,ID_MARCA,NOMBRE_PRODUCTO,PRECIO_PRODUCTO,DESCRIPCION_PRODUCTO,FECHAVENCIMIENTO_PRODUCTO,TIPO_PRODUCTO,CANTIDAD_PRODUCTO,MEDIDA_PRODUCTO,CANTIDAD_MEDIDA_PRODUCTO) values ('216','105','pampers','5000','componentes: pañales para bebes',to_date('17/09/20','DD/MM/RR'),'A','44','U','1000');
Insert into MARKET.PRODUCTOS (ID_PRODUCTO,ID_MARCA,NOMBRE_PRODUCTO,PRECIO_PRODUCTO,DESCRIPCION_PRODUCTO,FECHAVENCIMIENTO_PRODUCTO,TIPO_PRODUCTO,CANTIDAD_PRODUCTO,MEDIDA_PRODUCTO,CANTIDAD_MEDIDA_PRODUCTO) values ('217','105','gillette','3700','componentes: maquina de afeitar',to_date('20/02/19','DD/MM/RR'),'A','8762','U','500');
Insert into MARKET.PRODUCTOS (ID_PRODUCTO,ID_MARCA,NOMBRE_PRODUCTO,PRECIO_PRODUCTO,DESCRIPCION_PRODUCTO,FECHAVENCIMIENTO_PRODUCTO,TIPO_PRODUCTO,CANTIDAD_PRODUCTO,MEDIDA_PRODUCTO,CANTIDAD_MEDIDA_PRODUCTO) values ('218','105','pantene','7800','componentes: shampoo economico',to_date('10/05/25','DD/MM/RR'),'A','67','ML','4000');
Insert into MARKET.PRODUCTOS (ID_PRODUCTO,ID_MARCA,NOMBRE_PRODUCTO,PRECIO_PRODUCTO,DESCRIPCION_PRODUCTO,FECHAVENCIMIENTO_PRODUCTO,TIPO_PRODUCTO,CANTIDAD_PRODUCTO,MEDIDA_PRODUCTO,CANTIDAD_MEDIDA_PRODUCTO) values ('219','105','duracell','6000','componentes: paquete de pilas duraderas',to_date('03/09/18','DD/MM/RR'),'T','567','U','4000');
Insert into MARKET.PRODUCTOS (ID_PRODUCTO,ID_MARCA,NOMBRE_PRODUCTO,PRECIO_PRODUCTO,DESCRIPCION_PRODUCTO,FECHAVENCIMIENTO_PRODUCTO,TIPO_PRODUCTO,CANTIDAD_PRODUCTO,MEDIDA_PRODUCTO,CANTIDAD_MEDIDA_PRODUCTO) values ('201','101','Cocacola','1500','componentes: bebida dulce carbonatada,1000 calorias',to_date('17/09/20','DD/MM/RR'),'B','236','ML','1000');
REM INSERTING into MARKET.COMPRA
SET DEFINE OFF;
Insert into MARKET.COMPRA (ID_COMPRA,ID_FACTURA,ID_CLIENTE) values ('601',NULL,'527');
Insert into MARKET.COMPRA (ID_COMPRA,ID_FACTURA,ID_CLIENTE) values ('602',NULL,'537');
Insert into MARKET.COMPRA (ID_COMPRA,ID_FACTURA,ID_CLIENTE) values ('603',NULL,'534');
Insert into MARKET.COMPRA (ID_COMPRA,ID_FACTURA,ID_CLIENTE) values ('604',NULL,'504');
Insert into MARKET.COMPRA (ID_COMPRA,ID_FACTURA,ID_CLIENTE) values ('605',NULL,'501');
Insert into MARKET.COMPRA (ID_COMPRA,ID_FACTURA,ID_CLIENTE) values ('606',NULL,'525');
Insert into MARKET.COMPRA (ID_COMPRA,ID_FACTURA,ID_CLIENTE) values ('607',NULL,'503');
Insert into MARKET.COMPRA (ID_COMPRA,ID_FACTURA,ID_CLIENTE) values ('608',NULL,'521');
Insert into MARKET.COMPRA (ID_COMPRA,ID_FACTURA,ID_CLIENTE) values ('609',NULL,'518');
Insert into MARKET.COMPRA (ID_COMPRA,ID_FACTURA,ID_CLIENTE) values ('610',NULL,'506');
Insert into MARKET.COMPRA (ID_COMPRA,ID_FACTURA,ID_CLIENTE) values ('611',NULL,'504');
Insert into MARKET.COMPRA (ID_COMPRA,ID_FACTURA,ID_CLIENTE) values ('612',NULL,'508');
Insert into MARKET.COMPRA (ID_COMPRA,ID_FACTURA,ID_CLIENTE) values ('613',NULL,'519');
Insert into MARKET.COMPRA (ID_COMPRA,ID_FACTURA,ID_CLIENTE) values ('614',NULL,'521');
Insert into MARKET.COMPRA (ID_COMPRA,ID_FACTURA,ID_CLIENTE) values ('615',NULL,'529');
Insert into MARKET.COMPRA (ID_COMPRA,ID_FACTURA,ID_CLIENTE) values ('616',NULL,'503');
Insert into MARKET.COMPRA (ID_COMPRA,ID_FACTURA,ID_CLIENTE) values ('617',NULL,'531');
Insert into MARKET.COMPRA (ID_COMPRA,ID_FACTURA,ID_CLIENTE) values ('618',NULL,'545');
Insert into MARKET.COMPRA (ID_COMPRA,ID_FACTURA,ID_CLIENTE) values ('619',NULL,'546');
Insert into MARKET.COMPRA (ID_COMPRA,ID_FACTURA,ID_CLIENTE) values ('620',NULL,'522');
Insert into MARKET.COMPRA (ID_COMPRA,ID_FACTURA,ID_CLIENTE) values ('621',NULL,'505');
Insert into MARKET.COMPRA (ID_COMPRA,ID_FACTURA,ID_CLIENTE) values ('622',NULL,'503');
Insert into MARKET.COMPRA (ID_COMPRA,ID_FACTURA,ID_CLIENTE) values ('623',NULL,'534');
Insert into MARKET.COMPRA (ID_COMPRA,ID_FACTURA,ID_CLIENTE) values ('600',NULL,'522');

REM INSERTING into MARKET.ASIGNACION
SET DEFINE OFF;
Insert into MARKET.ASIGNACION (ID_CARRO,ID_COMPRA) values ('800','600');
Insert into MARKET.ASIGNACION (ID_CARRO,ID_COMPRA) values ('800','620');
Insert into MARKET.ASIGNACION (ID_CARRO,ID_COMPRA) values ('801','601');
Insert into MARKET.ASIGNACION (ID_CARRO,ID_COMPRA) values ('801','621');
Insert into MARKET.ASIGNACION (ID_CARRO,ID_COMPRA) values ('802','602');
Insert into MARKET.ASIGNACION (ID_CARRO,ID_COMPRA) values ('802','622');
Insert into MARKET.ASIGNACION (ID_CARRO,ID_COMPRA) values ('803','603');
Insert into MARKET.ASIGNACION (ID_CARRO,ID_COMPRA) values ('803','623');
Insert into MARKET.ASIGNACION (ID_CARRO,ID_COMPRA) values ('804','604');
Insert into MARKET.ASIGNACION (ID_CARRO,ID_COMPRA) values ('805','605');
Insert into MARKET.ASIGNACION (ID_CARRO,ID_COMPRA) values ('806','606');
Insert into MARKET.ASIGNACION (ID_CARRO,ID_COMPRA) values ('807','607');
Insert into MARKET.ASIGNACION (ID_CARRO,ID_COMPRA) values ('808','608');
Insert into MARKET.ASIGNACION (ID_CARRO,ID_COMPRA) values ('809','609');
Insert into MARKET.ASIGNACION (ID_CARRO,ID_COMPRA) values ('810','610');
Insert into MARKET.ASIGNACION (ID_CARRO,ID_COMPRA) values ('811','611');
Insert into MARKET.ASIGNACION (ID_CARRO,ID_COMPRA) values ('812','612');
Insert into MARKET.ASIGNACION (ID_CARRO,ID_COMPRA) values ('813','613');
Insert into MARKET.ASIGNACION (ID_CARRO,ID_COMPRA) values ('814','614');
Insert into MARKET.ASIGNACION (ID_CARRO,ID_COMPRA) values ('815','615');
Insert into MARKET.ASIGNACION (ID_CARRO,ID_COMPRA) values ('816','616');
Insert into MARKET.ASIGNACION (ID_CARRO,ID_COMPRA) values ('817','617');
Insert into MARKET.ASIGNACION (ID_CARRO,ID_COMPRA) values ('818','618');
Insert into MARKET.ASIGNACION (ID_CARRO,ID_COMPRA) values ('819','619');

REM INSERTING into MARKET.CELDA_GONDOLA
SET DEFINE OFF;
Insert into MARKET.CELDA_GONDOLA (ID_CELDA,ID_PRODUCTO,ID_GONDOLA,COLUMNA_CELDA,FILA_CELDA,CANTIDAD_PRODUCTO_CELDA) values ('2','202','1','2','1','1');
Insert into MARKET.CELDA_GONDOLA (ID_CELDA,ID_PRODUCTO,ID_GONDOLA,COLUMNA_CELDA,FILA_CELDA,CANTIDAD_PRODUCTO_CELDA) values ('3','203','1','1','2','1');
Insert into MARKET.CELDA_GONDOLA (ID_CELDA,ID_PRODUCTO,ID_GONDOLA,COLUMNA_CELDA,FILA_CELDA,CANTIDAD_PRODUCTO_CELDA) values ('4','204','1','2','2','1');
Insert into MARKET.CELDA_GONDOLA (ID_CELDA,ID_PRODUCTO,ID_GONDOLA,COLUMNA_CELDA,FILA_CELDA,CANTIDAD_PRODUCTO_CELDA) values ('5','205','1','1','3','1');
Insert into MARKET.CELDA_GONDOLA (ID_CELDA,ID_PRODUCTO,ID_GONDOLA,COLUMNA_CELDA,FILA_CELDA,CANTIDAD_PRODUCTO_CELDA) values ('6','206','1','2','3','1');
Insert into MARKET.CELDA_GONDOLA (ID_CELDA,ID_PRODUCTO,ID_GONDOLA,COLUMNA_CELDA,FILA_CELDA,CANTIDAD_PRODUCTO_CELDA) values ('7','207','1','1','4','1');
Insert into MARKET.CELDA_GONDOLA (ID_CELDA,ID_PRODUCTO,ID_GONDOLA,COLUMNA_CELDA,FILA_CELDA,CANTIDAD_PRODUCTO_CELDA) values ('8','208','1','2','4','1');
Insert into MARKET.CELDA_GONDOLA (ID_CELDA,ID_PRODUCTO,ID_GONDOLA,COLUMNA_CELDA,FILA_CELDA,CANTIDAD_PRODUCTO_CELDA) values ('9','209','1','1','5','1');
Insert into MARKET.CELDA_GONDOLA (ID_CELDA,ID_PRODUCTO,ID_GONDOLA,COLUMNA_CELDA,FILA_CELDA,CANTIDAD_PRODUCTO_CELDA) values ('10','210','1','2','5','1');
Insert into MARKET.CELDA_GONDOLA (ID_CELDA,ID_PRODUCTO,ID_GONDOLA,COLUMNA_CELDA,FILA_CELDA,CANTIDAD_PRODUCTO_CELDA) values ('11','211','2','1','1','1');
Insert into MARKET.CELDA_GONDOLA (ID_CELDA,ID_PRODUCTO,ID_GONDOLA,COLUMNA_CELDA,FILA_CELDA,CANTIDAD_PRODUCTO_CELDA) values ('12','212','2','2','1','1');
Insert into MARKET.CELDA_GONDOLA (ID_CELDA,ID_PRODUCTO,ID_GONDOLA,COLUMNA_CELDA,FILA_CELDA,CANTIDAD_PRODUCTO_CELDA) values ('13','213','2','1','2','1');
Insert into MARKET.CELDA_GONDOLA (ID_CELDA,ID_PRODUCTO,ID_GONDOLA,COLUMNA_CELDA,FILA_CELDA,CANTIDAD_PRODUCTO_CELDA) values ('14','214','2','2','2','1');
Insert into MARKET.CELDA_GONDOLA (ID_CELDA,ID_PRODUCTO,ID_GONDOLA,COLUMNA_CELDA,FILA_CELDA,CANTIDAD_PRODUCTO_CELDA) values ('15','215','2','1','3','1');
Insert into MARKET.CELDA_GONDOLA (ID_CELDA,ID_PRODUCTO,ID_GONDOLA,COLUMNA_CELDA,FILA_CELDA,CANTIDAD_PRODUCTO_CELDA) values ('16','216','2','2','3','1');
Insert into MARKET.CELDA_GONDOLA (ID_CELDA,ID_PRODUCTO,ID_GONDOLA,COLUMNA_CELDA,FILA_CELDA,CANTIDAD_PRODUCTO_CELDA) values ('17','217','2','1','4','1');
Insert into MARKET.CELDA_GONDOLA (ID_CELDA,ID_PRODUCTO,ID_GONDOLA,COLUMNA_CELDA,FILA_CELDA,CANTIDAD_PRODUCTO_CELDA) values ('18','218','2','2','4','1');
Insert into MARKET.CELDA_GONDOLA (ID_CELDA,ID_PRODUCTO,ID_GONDOLA,COLUMNA_CELDA,FILA_CELDA,CANTIDAD_PRODUCTO_CELDA) values ('19','219','2','1','5','1');
Insert into MARKET.CELDA_GONDOLA (ID_CELDA,ID_PRODUCTO,ID_GONDOLA,COLUMNA_CELDA,FILA_CELDA,CANTIDAD_PRODUCTO_CELDA) values ('20','220','2','2','5','1');
Insert into MARKET.CELDA_GONDOLA (ID_CELDA,ID_PRODUCTO,ID_GONDOLA,COLUMNA_CELDA,FILA_CELDA,CANTIDAD_PRODUCTO_CELDA) values ('21','221','3','1','1','1');
Insert into MARKET.CELDA_GONDOLA (ID_CELDA,ID_PRODUCTO,ID_GONDOLA,COLUMNA_CELDA,FILA_CELDA,CANTIDAD_PRODUCTO_CELDA) values ('22','222','3','2','1','1');
Insert into MARKET.CELDA_GONDOLA (ID_CELDA,ID_PRODUCTO,ID_GONDOLA,COLUMNA_CELDA,FILA_CELDA,CANTIDAD_PRODUCTO_CELDA) values ('23','223','3','1','2','1');
Insert into MARKET.CELDA_GONDOLA (ID_CELDA,ID_PRODUCTO,ID_GONDOLA,COLUMNA_CELDA,FILA_CELDA,CANTIDAD_PRODUCTO_CELDA) values ('24','224','3','2','2','1');
Insert into MARKET.CELDA_GONDOLA (ID_CELDA,ID_PRODUCTO,ID_GONDOLA,COLUMNA_CELDA,FILA_CELDA,CANTIDAD_PRODUCTO_CELDA) values ('25','225','3','1','3','1');
Insert into MARKET.CELDA_GONDOLA (ID_CELDA,ID_PRODUCTO,ID_GONDOLA,COLUMNA_CELDA,FILA_CELDA,CANTIDAD_PRODUCTO_CELDA) values ('26','226','3','2','3','1');
Insert into MARKET.CELDA_GONDOLA (ID_CELDA,ID_PRODUCTO,ID_GONDOLA,COLUMNA_CELDA,FILA_CELDA,CANTIDAD_PRODUCTO_CELDA) values ('27','227','3','1','4','1');
Insert into MARKET.CELDA_GONDOLA (ID_CELDA,ID_PRODUCTO,ID_GONDOLA,COLUMNA_CELDA,FILA_CELDA,CANTIDAD_PRODUCTO_CELDA) values ('28','228','3','2','4','1');
Insert into MARKET.CELDA_GONDOLA (ID_CELDA,ID_PRODUCTO,ID_GONDOLA,COLUMNA_CELDA,FILA_CELDA,CANTIDAD_PRODUCTO_CELDA) values ('29','229','3','1','5','1');
Insert into MARKET.CELDA_GONDOLA (ID_CELDA,ID_PRODUCTO,ID_GONDOLA,COLUMNA_CELDA,FILA_CELDA,CANTIDAD_PRODUCTO_CELDA) values ('30','230','3','2','5','1');
Insert into MARKET.CELDA_GONDOLA (ID_CELDA,ID_PRODUCTO,ID_GONDOLA,COLUMNA_CELDA,FILA_CELDA,CANTIDAD_PRODUCTO_CELDA) values ('31','231','4','1','1','1');
Insert into MARKET.CELDA_GONDOLA (ID_CELDA,ID_PRODUCTO,ID_GONDOLA,COLUMNA_CELDA,FILA_CELDA,CANTIDAD_PRODUCTO_CELDA) values ('32','232','4','2','1','1');
Insert into MARKET.CELDA_GONDOLA (ID_CELDA,ID_PRODUCTO,ID_GONDOLA,COLUMNA_CELDA,FILA_CELDA,CANTIDAD_PRODUCTO_CELDA) values ('33','233','4','1','2','1');
Insert into MARKET.CELDA_GONDOLA (ID_CELDA,ID_PRODUCTO,ID_GONDOLA,COLUMNA_CELDA,FILA_CELDA,CANTIDAD_PRODUCTO_CELDA) values ('34','234','4','2','2','1');
Insert into MARKET.CELDA_GONDOLA (ID_CELDA,ID_PRODUCTO,ID_GONDOLA,COLUMNA_CELDA,FILA_CELDA,CANTIDAD_PRODUCTO_CELDA) values ('35','235','4','1','3','1');
Insert into MARKET.CELDA_GONDOLA (ID_CELDA,ID_PRODUCTO,ID_GONDOLA,COLUMNA_CELDA,FILA_CELDA,CANTIDAD_PRODUCTO_CELDA) values ('36','236','4','2','3','1');
Insert into MARKET.CELDA_GONDOLA (ID_CELDA,ID_PRODUCTO,ID_GONDOLA,COLUMNA_CELDA,FILA_CELDA,CANTIDAD_PRODUCTO_CELDA) values ('37','237','4','1','4','1');
Insert into MARKET.CELDA_GONDOLA (ID_CELDA,ID_PRODUCTO,ID_GONDOLA,COLUMNA_CELDA,FILA_CELDA,CANTIDAD_PRODUCTO_CELDA) values ('38','238','4','2','4','1');
Insert into MARKET.CELDA_GONDOLA (ID_CELDA,ID_PRODUCTO,ID_GONDOLA,COLUMNA_CELDA,FILA_CELDA,CANTIDAD_PRODUCTO_CELDA) values ('39','239','4','1','5','1');
Insert into MARKET.CELDA_GONDOLA (ID_CELDA,ID_PRODUCTO,ID_GONDOLA,COLUMNA_CELDA,FILA_CELDA,CANTIDAD_PRODUCTO_CELDA) values ('40','240','4','2','5','1');
Insert into MARKET.CELDA_GONDOLA (ID_CELDA,ID_PRODUCTO,ID_GONDOLA,COLUMNA_CELDA,FILA_CELDA,CANTIDAD_PRODUCTO_CELDA) values ('41','241','5','1','1','1');
Insert into MARKET.CELDA_GONDOLA (ID_CELDA,ID_PRODUCTO,ID_GONDOLA,COLUMNA_CELDA,FILA_CELDA,CANTIDAD_PRODUCTO_CELDA) values ('42','242','5','2','1','1');
Insert into MARKET.CELDA_GONDOLA (ID_CELDA,ID_PRODUCTO,ID_GONDOLA,COLUMNA_CELDA,FILA_CELDA,CANTIDAD_PRODUCTO_CELDA) values ('43','243','5','1','2','1');
Insert into MARKET.CELDA_GONDOLA (ID_CELDA,ID_PRODUCTO,ID_GONDOLA,COLUMNA_CELDA,FILA_CELDA,CANTIDAD_PRODUCTO_CELDA) values ('44','244','5','2','2','1');
Insert into MARKET.CELDA_GONDOLA (ID_CELDA,ID_PRODUCTO,ID_GONDOLA,COLUMNA_CELDA,FILA_CELDA,CANTIDAD_PRODUCTO_CELDA) values ('45','245','5','1','3','1');
Insert into MARKET.CELDA_GONDOLA (ID_CELDA,ID_PRODUCTO,ID_GONDOLA,COLUMNA_CELDA,FILA_CELDA,CANTIDAD_PRODUCTO_CELDA) values ('46','246','5','2','3','1');
Insert into MARKET.CELDA_GONDOLA (ID_CELDA,ID_PRODUCTO,ID_GONDOLA,COLUMNA_CELDA,FILA_CELDA,CANTIDAD_PRODUCTO_CELDA) values ('47','247','5','1','4','1');
Insert into MARKET.CELDA_GONDOLA (ID_CELDA,ID_PRODUCTO,ID_GONDOLA,COLUMNA_CELDA,FILA_CELDA,CANTIDAD_PRODUCTO_CELDA) values ('48','248','5','2','4','1');
Insert into MARKET.CELDA_GONDOLA (ID_CELDA,ID_PRODUCTO,ID_GONDOLA,COLUMNA_CELDA,FILA_CELDA,CANTIDAD_PRODUCTO_CELDA) values ('49','249','5','1','5','1');
Insert into MARKET.CELDA_GONDOLA (ID_CELDA,ID_PRODUCTO,ID_GONDOLA,COLUMNA_CELDA,FILA_CELDA,CANTIDAD_PRODUCTO_CELDA) values ('50','250','5','2','5','1');
Insert into MARKET.CELDA_GONDOLA (ID_CELDA,ID_PRODUCTO,ID_GONDOLA,COLUMNA_CELDA,FILA_CELDA,CANTIDAD_PRODUCTO_CELDA) values ('51','251','6','1','1','1');
Insert into MARKET.CELDA_GONDOLA (ID_CELDA,ID_PRODUCTO,ID_GONDOLA,COLUMNA_CELDA,FILA_CELDA,CANTIDAD_PRODUCTO_CELDA) values ('52','252','6','2','1','1');
Insert into MARKET.CELDA_GONDOLA (ID_CELDA,ID_PRODUCTO,ID_GONDOLA,COLUMNA_CELDA,FILA_CELDA,CANTIDAD_PRODUCTO_CELDA) values ('53','253','6','1','2','1');
Insert into MARKET.CELDA_GONDOLA (ID_CELDA,ID_PRODUCTO,ID_GONDOLA,COLUMNA_CELDA,FILA_CELDA,CANTIDAD_PRODUCTO_CELDA) values ('54','254','6','2','2','1');
Insert into MARKET.CELDA_GONDOLA (ID_CELDA,ID_PRODUCTO,ID_GONDOLA,COLUMNA_CELDA,FILA_CELDA,CANTIDAD_PRODUCTO_CELDA) values ('55','255','6','1','3','1');
Insert into MARKET.CELDA_GONDOLA (ID_CELDA,ID_PRODUCTO,ID_GONDOLA,COLUMNA_CELDA,FILA_CELDA,CANTIDAD_PRODUCTO_CELDA) values ('56','256','6','2','3','1');
Insert into MARKET.CELDA_GONDOLA (ID_CELDA,ID_PRODUCTO,ID_GONDOLA,COLUMNA_CELDA,FILA_CELDA,CANTIDAD_PRODUCTO_CELDA) values ('57','257','6','1','4','1');
Insert into MARKET.CELDA_GONDOLA (ID_CELDA,ID_PRODUCTO,ID_GONDOLA,COLUMNA_CELDA,FILA_CELDA,CANTIDAD_PRODUCTO_CELDA) values ('58','258','6','2','4','1');
Insert into MARKET.CELDA_GONDOLA (ID_CELDA,ID_PRODUCTO,ID_GONDOLA,COLUMNA_CELDA,FILA_CELDA,CANTIDAD_PRODUCTO_CELDA) values ('59','259','6','1','5','1');
Insert into MARKET.CELDA_GONDOLA (ID_CELDA,ID_PRODUCTO,ID_GONDOLA,COLUMNA_CELDA,FILA_CELDA,CANTIDAD_PRODUCTO_CELDA) values ('60','260','6','2','5','1');
Insert into MARKET.CELDA_GONDOLA (ID_CELDA,ID_PRODUCTO,ID_GONDOLA,COLUMNA_CELDA,FILA_CELDA,CANTIDAD_PRODUCTO_CELDA) values ('61','261','7','1','1','1');
Insert into MARKET.CELDA_GONDOLA (ID_CELDA,ID_PRODUCTO,ID_GONDOLA,COLUMNA_CELDA,FILA_CELDA,CANTIDAD_PRODUCTO_CELDA) values ('62','262','7','2','1','1');
Insert into MARKET.CELDA_GONDOLA (ID_CELDA,ID_PRODUCTO,ID_GONDOLA,COLUMNA_CELDA,FILA_CELDA,CANTIDAD_PRODUCTO_CELDA) values ('63','263','7','1','2','1');
Insert into MARKET.CELDA_GONDOLA (ID_CELDA,ID_PRODUCTO,ID_GONDOLA,COLUMNA_CELDA,FILA_CELDA,CANTIDAD_PRODUCTO_CELDA) values ('64','264','7','2','2','1');
Insert into MARKET.CELDA_GONDOLA (ID_CELDA,ID_PRODUCTO,ID_GONDOLA,COLUMNA_CELDA,FILA_CELDA,CANTIDAD_PRODUCTO_CELDA) values ('65','265','7','1','3','1');
Insert into MARKET.CELDA_GONDOLA (ID_CELDA,ID_PRODUCTO,ID_GONDOLA,COLUMNA_CELDA,FILA_CELDA,CANTIDAD_PRODUCTO_CELDA) values ('66','266','7','2','3','1');
Insert into MARKET.CELDA_GONDOLA (ID_CELDA,ID_PRODUCTO,ID_GONDOLA,COLUMNA_CELDA,FILA_CELDA,CANTIDAD_PRODUCTO_CELDA) values ('67','267','7','1','4','1');
Insert into MARKET.CELDA_GONDOLA (ID_CELDA,ID_PRODUCTO,ID_GONDOLA,COLUMNA_CELDA,FILA_CELDA,CANTIDAD_PRODUCTO_CELDA) values ('68','268','7','2','4','1');
Insert into MARKET.CELDA_GONDOLA (ID_CELDA,ID_PRODUCTO,ID_GONDOLA,COLUMNA_CELDA,FILA_CELDA,CANTIDAD_PRODUCTO_CELDA) values ('69','269','7','1','5','1');
Insert into MARKET.CELDA_GONDOLA (ID_CELDA,ID_PRODUCTO,ID_GONDOLA,COLUMNA_CELDA,FILA_CELDA,CANTIDAD_PRODUCTO_CELDA) values ('70','270','7','2','5','1');
Insert into MARKET.CELDA_GONDOLA (ID_CELDA,ID_PRODUCTO,ID_GONDOLA,COLUMNA_CELDA,FILA_CELDA,CANTIDAD_PRODUCTO_CELDA) values ('71','271','8','1','1','1');
REM INSERTING into MARKET.LISTADESEOS
SET DEFINE OFF;
Insert into MARKET.LISTADESEOS (ID_LISTADESEO,ID_CLIENTE,FECHA_GENERADA) values ('401','540',to_date('13/06/17','DD/MM/RR'));
Insert into MARKET.LISTADESEOS (ID_LISTADESEO,ID_CLIENTE,FECHA_GENERADA) values ('402','522',to_date('15/06/17','DD/MM/RR'));
Insert into MARKET.LISTADESEOS (ID_LISTADESEO,ID_CLIENTE,FECHA_GENERADA) values ('403','506',to_date('17/06/17','DD/MM/RR'));
Insert into MARKET.LISTADESEOS (ID_LISTADESEO,ID_CLIENTE,FECHA_GENERADA) values ('404','540',to_date('10/06/17','DD/MM/RR'));
Insert into MARKET.LISTADESEOS (ID_LISTADESEO,ID_CLIENTE,FECHA_GENERADA) values ('405','541',to_date('15/06/17','DD/MM/RR'));
Insert into MARKET.LISTADESEOS (ID_LISTADESEO,ID_CLIENTE,FECHA_GENERADA) values ('406','541',to_date('20/06/17','DD/MM/RR'));
Insert into MARKET.LISTADESEOS (ID_LISTADESEO,ID_CLIENTE,FECHA_GENERADA) values ('407','504',to_date('17/06/17','DD/MM/RR'));
Insert into MARKET.LISTADESEOS (ID_LISTADESEO,ID_CLIENTE,FECHA_GENERADA) values ('408','520',to_date('18/06/17','DD/MM/RR'));
Insert into MARKET.LISTADESEOS (ID_LISTADESEO,ID_CLIENTE,FECHA_GENERADA) values ('409','515',to_date('16/06/17','DD/MM/RR'));
Insert into MARKET.LISTADESEOS (ID_LISTADESEO,ID_CLIENTE,FECHA_GENERADA) values ('410','534',to_date('18/06/17','DD/MM/RR'));
Insert into MARKET.LISTADESEOS (ID_LISTADESEO,ID_CLIENTE,FECHA_GENERADA) values ('411','534',to_date('20/06/17','DD/MM/RR'));
Insert into MARKET.LISTADESEOS (ID_LISTADESEO,ID_CLIENTE,FECHA_GENERADA) values ('412','516',to_date('12/06/17','DD/MM/RR'));
Insert into MARKET.LISTADESEOS (ID_LISTADESEO,ID_CLIENTE,FECHA_GENERADA) values ('413','518',to_date('18/06/17','DD/MM/RR'));
Insert into MARKET.LISTADESEOS (ID_LISTADESEO,ID_CLIENTE,FECHA_GENERADA) values ('414','545',to_date('11/06/17','DD/MM/RR'));
Insert into MARKET.LISTADESEOS (ID_LISTADESEO,ID_CLIENTE,FECHA_GENERADA) values ('415','506',to_date('17/06/17','DD/MM/RR'));
Insert into MARKET.LISTADESEOS (ID_LISTADESEO,ID_CLIENTE,FECHA_GENERADA) values ('416','521',to_date('18/06/17','DD/MM/RR'));
Insert into MARKET.LISTADESEOS (ID_LISTADESEO,ID_CLIENTE,FECHA_GENERADA) values ('417','531',to_date('20/06/17','DD/MM/RR'));
Insert into MARKET.LISTADESEOS (ID_LISTADESEO,ID_CLIENTE,FECHA_GENERADA) values ('418','528',to_date('18/06/17','DD/MM/RR'));
Insert into MARKET.LISTADESEOS (ID_LISTADESEO,ID_CLIENTE,FECHA_GENERADA) values ('419','530',to_date('17/06/17','DD/MM/RR'));
Insert into MARKET.LISTADESEOS (ID_LISTADESEO,ID_CLIENTE,FECHA_GENERADA) values ('420','543',to_date('18/06/17','DD/MM/RR'));
Insert into MARKET.LISTADESEOS (ID_LISTADESEO,ID_CLIENTE,FECHA_GENERADA) values ('421','525',to_date('14/06/17','DD/MM/RR'));
Insert into MARKET.LISTADESEOS (ID_LISTADESEO,ID_CLIENTE,FECHA_GENERADA) values ('422','528',to_date('18/06/17','DD/MM/RR'));
Insert into MARKET.LISTADESEOS (ID_LISTADESEO,ID_CLIENTE,FECHA_GENERADA) values ('423','526',to_date('15/06/17','DD/MM/RR'));
Insert into MARKET.LISTADESEOS (ID_LISTADESEO,ID_CLIENTE,FECHA_GENERADA) values ('424','511',to_date('18/06/17','DD/MM/RR'));
Insert into MARKET.LISTADESEOS (ID_LISTADESEO,ID_CLIENTE,FECHA_GENERADA) values ('425','544',to_date('14/06/17','DD/MM/RR'));
Insert into MARKET.LISTADESEOS (ID_LISTADESEO,ID_CLIENTE,FECHA_GENERADA) values ('426','510',to_date('11/06/17','DD/MM/RR'));
Insert into MARKET.LISTADESEOS (ID_LISTADESEO,ID_CLIENTE,FECHA_GENERADA) values ('427','541',to_date('18/06/17','DD/MM/RR'));
Insert into MARKET.LISTADESEOS (ID_LISTADESEO,ID_CLIENTE,FECHA_GENERADA) values ('428','530',to_date('15/06/17','DD/MM/RR'));
Insert into MARKET.LISTADESEOS (ID_LISTADESEO,ID_CLIENTE,FECHA_GENERADA) values ('429','516',to_date('13/06/17','DD/MM/RR'));
Insert into MARKET.LISTADESEOS (ID_LISTADESEO,ID_CLIENTE,FECHA_GENERADA) values ('400','521',to_date('11/06/17','DD/MM/RR'));

REM INSERTING into MARKET.DESEOS_PRODUCTOS
SET DEFINE OFF;
Insert into MARKET.DESEOS_PRODUCTOS (ID_LISTADESEO,ID_PRODUCTO) values ('400','248');
Insert into MARKET.DESEOS_PRODUCTOS (ID_LISTADESEO,ID_PRODUCTO) values ('401','271');
Insert into MARKET.DESEOS_PRODUCTOS (ID_LISTADESEO,ID_PRODUCTO) values ('402','260');
Insert into MARKET.DESEOS_PRODUCTOS (ID_LISTADESEO,ID_PRODUCTO) values ('403','204');
Insert into MARKET.DESEOS_PRODUCTOS (ID_LISTADESEO,ID_PRODUCTO) values ('404','261');
Insert into MARKET.DESEOS_PRODUCTOS (ID_LISTADESEO,ID_PRODUCTO) values ('405','242');
Insert into MARKET.DESEOS_PRODUCTOS (ID_LISTADESEO,ID_PRODUCTO) values ('406','220');
Insert into MARKET.DESEOS_PRODUCTOS (ID_LISTADESEO,ID_PRODUCTO) values ('407','258');
Insert into MARKET.DESEOS_PRODUCTOS (ID_LISTADESEO,ID_PRODUCTO) values ('408','204');
Insert into MARKET.DESEOS_PRODUCTOS (ID_LISTADESEO,ID_PRODUCTO) values ('409','225');
Insert into MARKET.DESEOS_PRODUCTOS (ID_LISTADESEO,ID_PRODUCTO) values ('410','207');
Insert into MARKET.DESEOS_PRODUCTOS (ID_LISTADESEO,ID_PRODUCTO) values ('411','214');
Insert into MARKET.DESEOS_PRODUCTOS (ID_LISTADESEO,ID_PRODUCTO) values ('412','226');
Insert into MARKET.DESEOS_PRODUCTOS (ID_LISTADESEO,ID_PRODUCTO) values ('413','216');
Insert into MARKET.DESEOS_PRODUCTOS (ID_LISTADESEO,ID_PRODUCTO) values ('414','220');
Insert into MARKET.DESEOS_PRODUCTOS (ID_LISTADESEO,ID_PRODUCTO) values ('415','218');
Insert into MARKET.DESEOS_PRODUCTOS (ID_LISTADESEO,ID_PRODUCTO) values ('416','225');
Insert into MARKET.DESEOS_PRODUCTOS (ID_LISTADESEO,ID_PRODUCTO) values ('417','201');
Insert into MARKET.DESEOS_PRODUCTOS (ID_LISTADESEO,ID_PRODUCTO) values ('418','239');
Insert into MARKET.DESEOS_PRODUCTOS (ID_LISTADESEO,ID_PRODUCTO) values ('419','257');
Insert into MARKET.DESEOS_PRODUCTOS (ID_LISTADESEO,ID_PRODUCTO) values ('420','237');
Insert into MARKET.DESEOS_PRODUCTOS (ID_LISTADESEO,ID_PRODUCTO) values ('421','231');
Insert into MARKET.DESEOS_PRODUCTOS (ID_LISTADESEO,ID_PRODUCTO) values ('422','259');
Insert into MARKET.DESEOS_PRODUCTOS (ID_LISTADESEO,ID_PRODUCTO) values ('423','269');
Insert into MARKET.DESEOS_PRODUCTOS (ID_LISTADESEO,ID_PRODUCTO) values ('424','240');
Insert into MARKET.DESEOS_PRODUCTOS (ID_LISTADESEO,ID_PRODUCTO) values ('425','238');
Insert into MARKET.DESEOS_PRODUCTOS (ID_LISTADESEO,ID_PRODUCTO) values ('426','242');
Insert into MARKET.DESEOS_PRODUCTOS (ID_LISTADESEO,ID_PRODUCTO) values ('427','202');
Insert into MARKET.DESEOS_PRODUCTOS (ID_LISTADESEO,ID_PRODUCTO) values ('428','256');
Insert into MARKET.DESEOS_PRODUCTOS (ID_LISTADESEO,ID_PRODUCTO) values ('429','219');
REM INSERTING into MARKET.DETALLES
SET DEFINE OFF;
Insert into MARKET.DETALLES (ID_DETALLE,ID_PRODUCTO,ID_COMPRA,CANTIDAD_PRODUCTO) values ('301','271','601','5');
Insert into MARKET.DETALLES (ID_DETALLE,ID_PRODUCTO,ID_COMPRA,CANTIDAD_PRODUCTO) values ('302','260','602','5');
Insert into MARKET.DETALLES (ID_DETALLE,ID_PRODUCTO,ID_COMPRA,CANTIDAD_PRODUCTO) values ('303','204','603','8');
Insert into MARKET.DETALLES (ID_DETALLE,ID_PRODUCTO,ID_COMPRA,CANTIDAD_PRODUCTO) values ('304','261','604','5');
Insert into MARKET.DETALLES (ID_DETALLE,ID_PRODUCTO,ID_COMPRA,CANTIDAD_PRODUCTO) values ('305','242','605','10');
Insert into MARKET.DETALLES (ID_DETALLE,ID_PRODUCTO,ID_COMPRA,CANTIDAD_PRODUCTO) values ('306','220','606','3');
Insert into MARKET.DETALLES (ID_DETALLE,ID_PRODUCTO,ID_COMPRA,CANTIDAD_PRODUCTO) values ('307','258','607','9');
Insert into MARKET.DETALLES (ID_DETALLE,ID_PRODUCTO,ID_COMPRA,CANTIDAD_PRODUCTO) values ('308','204','608','6');
Insert into MARKET.DETALLES (ID_DETALLE,ID_PRODUCTO,ID_COMPRA,CANTIDAD_PRODUCTO) values ('309','225','609','7');
Insert into MARKET.DETALLES (ID_DETALLE,ID_PRODUCTO,ID_COMPRA,CANTIDAD_PRODUCTO) values ('310','207','610','10');
Insert into MARKET.DETALLES (ID_DETALLE,ID_PRODUCTO,ID_COMPRA,CANTIDAD_PRODUCTO) values ('311','214','611','8');
Insert into MARKET.DETALLES (ID_DETALLE,ID_PRODUCTO,ID_COMPRA,CANTIDAD_PRODUCTO) values ('312','226','612','4');
Insert into MARKET.DETALLES (ID_DETALLE,ID_PRODUCTO,ID_COMPRA,CANTIDAD_PRODUCTO) values ('313','216','613','7');
Insert into MARKET.DETALLES (ID_DETALLE,ID_PRODUCTO,ID_COMPRA,CANTIDAD_PRODUCTO) values ('314','220','614','9');
Insert into MARKET.DETALLES (ID_DETALLE,ID_PRODUCTO,ID_COMPRA,CANTIDAD_PRODUCTO) values ('315','218','615','2');
Insert into MARKET.DETALLES (ID_DETALLE,ID_PRODUCTO,ID_COMPRA,CANTIDAD_PRODUCTO) values ('316','225','616','5');
Insert into MARKET.DETALLES (ID_DETALLE,ID_PRODUCTO,ID_COMPRA,CANTIDAD_PRODUCTO) values ('317','201','617','7');
Insert into MARKET.DETALLES (ID_DETALLE,ID_PRODUCTO,ID_COMPRA,CANTIDAD_PRODUCTO) values ('318','239','618','1');
Insert into MARKET.DETALLES (ID_DETALLE,ID_PRODUCTO,ID_COMPRA,CANTIDAD_PRODUCTO) values ('319','257','619','8');
Insert into MARKET.DETALLES (ID_DETALLE,ID_PRODUCTO,ID_COMPRA,CANTIDAD_PRODUCTO) values ('320','237','620','2');
Insert into MARKET.DETALLES (ID_DETALLE,ID_PRODUCTO,ID_COMPRA,CANTIDAD_PRODUCTO) values ('321','231','621','4');
Insert into MARKET.DETALLES (ID_DETALLE,ID_PRODUCTO,ID_COMPRA,CANTIDAD_PRODUCTO) values ('322','259','622','4');
Insert into MARKET.DETALLES (ID_DETALLE,ID_PRODUCTO,ID_COMPRA,CANTIDAD_PRODUCTO) values ('323','269','623','6');
Insert into MARKET.DETALLES (ID_DETALLE,ID_PRODUCTO,ID_COMPRA,CANTIDAD_PRODUCTO) values ('324','240','600','1');
Insert into MARKET.DETALLES (ID_DETALLE,ID_PRODUCTO,ID_COMPRA,CANTIDAD_PRODUCTO) values ('325','238','601','1');
Insert into MARKET.DETALLES (ID_DETALLE,ID_PRODUCTO,ID_COMPRA,CANTIDAD_PRODUCTO) values ('326','242','602','3');
Insert into MARKET.DETALLES (ID_DETALLE,ID_PRODUCTO,ID_COMPRA,CANTIDAD_PRODUCTO) values ('327','202','603','2');
Insert into MARKET.DETALLES (ID_DETALLE,ID_PRODUCTO,ID_COMPRA,CANTIDAD_PRODUCTO) values ('328','256','604','10');
Insert into MARKET.DETALLES (ID_DETALLE,ID_PRODUCTO,ID_COMPRA,CANTIDAD_PRODUCTO) values ('329','219','605','6');
Insert into MARKET.DETALLES (ID_DETALLE,ID_PRODUCTO,ID_COMPRA,CANTIDAD_PRODUCTO) values ('330','266','606','8');
Insert into MARKET.DETALLES (ID_DETALLE,ID_PRODUCTO,ID_COMPRA,CANTIDAD_PRODUCTO) values ('331','227','607','4');
Insert into MARKET.DETALLES (ID_DETALLE,ID_PRODUCTO,ID_COMPRA,CANTIDAD_PRODUCTO) values ('300','248','600','8');
REM INSERTING into MARKET.FACTURAS
SET DEFINE OFF;
Insert into MARKET.FACTURAS (ID_FACTURA,ID_COMPRA,ID_CAJA,FECHA_FACTURA,VALOR_PAGO_FACTURA) values ('851','601','901',to_timestamp('19/06/17 08:56:00,000000000 AM','DD/MM/RR HH12:MI:SSXFF AM'),'535000');
Insert into MARKET.FACTURAS (ID_FACTURA,ID_COMPRA,ID_CAJA,FECHA_FACTURA,VALOR_PAGO_FACTURA) values ('852','602','902',to_timestamp('10/06/17 08:26:00,000000000 AM','DD/MM/RR HH12:MI:SSXFF AM'),'1596000');
Insert into MARKET.FACTURAS (ID_FACTURA,ID_COMPRA,ID_CAJA,FECHA_FACTURA,VALOR_PAGO_FACTURA) values ('853','603','903',to_timestamp('20/06/17 03:24:00,000000000 PM','DD/MM/RR HH12:MI:SSXFF AM'),'6700');
Insert into MARKET.FACTURAS (ID_FACTURA,ID_COMPRA,ID_CAJA,FECHA_FACTURA,VALOR_PAGO_FACTURA) values ('854','604','904',to_timestamp('13/06/17 11:20:00,000000000 AM','DD/MM/RR HH12:MI:SSXFF AM'),'4575000');
Insert into MARKET.FACTURAS (ID_FACTURA,ID_COMPRA,ID_CAJA,FECHA_FACTURA,VALOR_PAGO_FACTURA) values ('855','605','905',to_timestamp('13/06/17 08:15:00,000000000 AM','DD/MM/RR HH12:MI:SSXFF AM'),'356000');
Insert into MARKET.FACTURAS (ID_FACTURA,ID_COMPRA,ID_CAJA,FECHA_FACTURA,VALOR_PAGO_FACTURA) values ('856','606','906',to_timestamp('20/06/17 09:45:00,000000000 AM','DD/MM/RR HH12:MI:SSXFF AM'),'5158000');
Insert into MARKET.FACTURAS (ID_FACTURA,ID_COMPRA,ID_CAJA,FECHA_FACTURA,VALOR_PAGO_FACTURA) values ('857','607','907',to_timestamp('18/06/17 11:44:00,000000000 AM','DD/MM/RR HH12:MI:SSXFF AM'),'3615800');
Insert into MARKET.FACTURAS (ID_FACTURA,ID_COMPRA,ID_CAJA,FECHA_FACTURA,VALOR_PAGO_FACTURA) values ('858','608','908',to_timestamp('10/06/17 08:25:00,000000000 AM','DD/MM/RR HH12:MI:SSXFF AM'),'4800');
Insert into MARKET.FACTURAS (ID_FACTURA,ID_COMPRA,ID_CAJA,FECHA_FACTURA,VALOR_PAGO_FACTURA) values ('859','609','909',to_timestamp('10/06/17 12:06:00,000000000 PM','DD/MM/RR HH12:MI:SSXFF AM'),'17500');
Insert into MARKET.FACTURAS (ID_FACTURA,ID_COMPRA,ID_CAJA,FECHA_FACTURA,VALOR_PAGO_FACTURA) values ('860','610','910',to_timestamp('13/06/17 09:11:00,000000000 AM','DD/MM/RR HH12:MI:SSXFF AM'),'7000');
Insert into MARKET.FACTURAS (ID_FACTURA,ID_COMPRA,ID_CAJA,FECHA_FACTURA,VALOR_PAGO_FACTURA) values ('861','611','911',to_timestamp('10/06/17 08:25:00,000000000 AM','DD/MM/RR HH12:MI:SSXFF AM'),'12000');
Insert into MARKET.FACTURAS (ID_FACTURA,ID_COMPRA,ID_CAJA,FECHA_FACTURA,VALOR_PAGO_FACTURA) values ('862','612','912',to_timestamp('15/06/17 03:12:00,000000000 PM','DD/MM/RR HH12:MI:SSXFF AM'),'16000');
Insert into MARKET.FACTURAS (ID_FACTURA,ID_COMPRA,ID_CAJA,FECHA_FACTURA,VALOR_PAGO_FACTURA) values ('863','613','913',to_timestamp('19/06/17 12:37:00,000000000 PM','DD/MM/RR HH12:MI:SSXFF AM'),'35000');
Insert into MARKET.FACTURAS (ID_FACTURA,ID_COMPRA,ID_CAJA,FECHA_FACTURA,VALOR_PAGO_FACTURA) values ('864','614','914',to_timestamp('15/06/17 07:28:00,000000000 PM','DD/MM/RR HH12:MI:SSXFF AM'),'5850000');
Insert into MARKET.FACTURAS (ID_FACTURA,ID_COMPRA,ID_CAJA,FECHA_FACTURA,VALOR_PAGO_FACTURA) values ('865','615','915',to_timestamp('11/06/17 07:54:00,000000000 PM','DD/MM/RR HH12:MI:SSXFF AM'),'15600');
Insert into MARKET.FACTURAS (ID_FACTURA,ID_COMPRA,ID_CAJA,FECHA_FACTURA,VALOR_PAGO_FACTURA) values ('866','616','916',to_timestamp('10/06/17 06:07:00,000000000 PM','DD/MM/RR HH12:MI:SSXFF AM'),'12500');
Insert into MARKET.FACTURAS (ID_FACTURA,ID_COMPRA,ID_CAJA,FECHA_FACTURA,VALOR_PAGO_FACTURA) values ('867','617','917',to_timestamp('17/06/17 01:10:00,000000000 PM','DD/MM/RR HH12:MI:SSXFF AM'),'10500');
Insert into MARKET.FACTURAS (ID_FACTURA,ID_COMPRA,ID_CAJA,FECHA_FACTURA,VALOR_PAGO_FACTURA) values ('868','618','918',to_timestamp('17/06/17 12:55:00,000000000 PM','DD/MM/RR HH12:MI:SSXFF AM'),'436000');
Insert into MARKET.FACTURAS (ID_FACTURA,ID_COMPRA,ID_CAJA,FECHA_FACTURA,VALOR_PAGO_FACTURA) values ('869','619','919',to_timestamp('14/06/17 03:32:00,000000000 PM','DD/MM/RR HH12:MI:SSXFF AM'),'2520000');
Insert into MARKET.FACTURAS (ID_FACTURA,ID_COMPRA,ID_CAJA,FECHA_FACTURA,VALOR_PAGO_FACTURA) values ('871','621','909',to_timestamp('16/06/17 01:44:00,000000000 PM','DD/MM/RR HH12:MI:SSXFF AM'),'13000');
Insert into MARKET.FACTURAS (ID_FACTURA,ID_COMPRA,ID_CAJA,FECHA_FACTURA,VALOR_PAGO_FACTURA) values ('872','622','913',to_timestamp('18/06/17 11:35:00,000000000 AM','DD/MM/RR HH12:MI:SSXFF AM'),'1000000');
Insert into MARKET.FACTURAS (ID_FACTURA,ID_COMPRA,ID_CAJA,FECHA_FACTURA,VALOR_PAGO_FACTURA) values ('873','623','919',to_timestamp('14/06/17 10:37:00,000000000 AM','DD/MM/RR HH12:MI:SSXFF AM'),'7200');
Insert into MARKET.FACTURAS (ID_FACTURA,ID_COMPRA,ID_CAJA,FECHA_FACTURA,VALOR_PAGO_FACTURA) values ('850','600','900',to_timestamp('16/06/17 03:20:16,652000000 PM','DD/MM/RR HH12:MI:SSXFF AM'),'1993000');
Insert into MARKET.FACTURAS (ID_FACTURA,ID_COMPRA,ID_CAJA,FECHA_FACTURA,VALOR_PAGO_FACTURA) values ('870','620','900',to_timestamp('14/06/17 10:35:04,882000000 AM','DD/MM/RR HH12:MI:SSXFF AM'),'1300000');

--Actualizacion de la tabla de compra 
UPDATE MARKET.COMPRA SET ID_FACTURA = 851 WHERE ID_COMPRA = 601;
UPDATE MARKET.COMPRA SET ID_FACTURA = 852 WHERE ID_COMPRA = 602;
UPDATE MARKET.COMPRA SET ID_FACTURA = 853 WHERE ID_COMPRA = 603;
UPDATE MARKET.COMPRA SET ID_FACTURA = 854 WHERE ID_COMPRA = 604;
UPDATE MARKET.COMPRA SET ID_FACTURA = 855 WHERE ID_COMPRA = 605;
UPDATE MARKET.COMPRA SET ID_FACTURA = 856 WHERE ID_COMPRA = 606;
UPDATE MARKET.COMPRA SET ID_FACTURA = 857 WHERE ID_COMPRA = 607;
UPDATE MARKET.COMPRA SET ID_FACTURA = 858 WHERE ID_COMPRA = 608;
UPDATE MARKET.COMPRA SET ID_FACTURA = 859 WHERE ID_COMPRA = 609;
UPDATE MARKET.COMPRA SET ID_FACTURA = 860 WHERE ID_COMPRA = 610;
UPDATE MARKET.COMPRA SET ID_FACTURA = 861 WHERE ID_COMPRA = 611;
UPDATE MARKET.COMPRA SET ID_FACTURA = 862 WHERE ID_COMPRA = 612;
UPDATE MARKET.COMPRA SET ID_FACTURA = 863 WHERE ID_COMPRA = 613;
UPDATE MARKET.COMPRA SET ID_FACTURA = 864 WHERE ID_COMPRA = 614;
UPDATE MARKET.COMPRA SET ID_FACTURA = 865 WHERE ID_COMPRA = 615;
UPDATE MARKET.COMPRA SET ID_FACTURA = 866 WHERE ID_COMPRA = 616;
UPDATE MARKET.COMPRA SET ID_FACTURA = 867 WHERE ID_COMPRA = 617;
UPDATE MARKET.COMPRA SET ID_FACTURA = 868 WHERE ID_COMPRA = 618;
UPDATE MARKET.COMPRA SET ID_FACTURA = 869 WHERE ID_COMPRA = 619;
UPDATE MARKET.COMPRA SET ID_FACTURA = 870 WHERE ID_COMPRA = 620;
UPDATE MARKET.COMPRA SET ID_FACTURA = 871 WHERE ID_COMPRA = 621;
UPDATE MARKET.COMPRA SET ID_FACTURA = 872 WHERE ID_COMPRA = 622;
UPDATE MARKET.COMPRA SET ID_FACTURA = 873 WHERE ID_COMPRA = 623;
